"Longitude (x)","Latitude (y)","Station Name","Climate ID","Date/Time (LST)","Year","Month","Day","Time (LST)","Temp (°C)","Temp Flag","Dew Point Temp (°C)","Dew Point Temp Flag","Rel Hum (%)","Rel Hum Flag","Precip. Amount (mm)","Precip. Amount Flag","Wind Dir (10s deg)","Wind Dir Flag","Wind Spd (km/h)","Wind Spd Flag","Visibility (km)","Visibility Flag","Stn Press (kPa)","Stn Press Flag","Hmdx","Hmdx Flag","Wind Chill","Wind Chill Flag","Weather"
"-123.18","49.19","VANCOUVER INTL A","1108395","2024-05-01 00:00","2024","05","01","00:00","6.4","","4.5","","88","","","","7","","10","","32.2","","102.15","","","","","","NA"
"-123.18","49.19","VANCOUVER INTL A","1108395","2024-05-01 01:00","2024","05","01","01:00","4.8","","3.4","","90","","","","10","","11","","32.2","","102.16","","","","","","Clear"
"-123.18","49.19","VANCOUVER INTL A","1108395","2024-05-01 02:00","2024","05","01","02:00","4.2","","3.2","","93","","","","8","","9","","32.2","","102.19","","","","","","NA"
"-123.18","49.19","VANCOUVER INTL A","1108395","2024-05-01 03:00","2024","05","01","03:00","5.8","","4.2","","89","","","","8","","13","","32.2","","102.23","","","","","","NA"
"-123.18","49.19","VANCOUVER INTL A","1108395","2024-05-01 04:00","2024","05","01","04:00","5.5","","3.8","","89","","","","8","","14","","32.2","","102.24","","","","","","Mainly Clear"
"-123.18","49.19","VANCOUVER INTL A","1108395","2024-05-01 05:00","2024","05","01","05:00","6.8","","4.4","","85","","","","8","","17","","32.2","","102.25","","","","","","NA"
"-123.18","49.19","VANCOUVER INTL A","1108395","2024-05-01 06:00","2024","05","01","06:00","7.9","","5.1","","82","","","","8","","18","","48.3","","102.25","","","","","","NA"
"-123.18","49.19","VANCOUVER INTL A","1108395","2024-05-01 07:00","2024","05","01","07:00","8.2","","5.1","","81","","","","8","","18","","48.3","","102.29","","","","","","Mostly Cloudy"
"-123.18","49.19","VANCOUVER INTL A","1108395","2024-05-01 08:00","2024","05","01","08:00","8.8","","5.4","","79","","","","8","","20","","48.3","","102.30","","","","","","NA"
"-123.18","49.19","VANCOUVER INTL A","1108395","2024-05-01 09:00","2024","05","01","09:00","9.4","","5.4","","76","","","","8","","22","","48.3","","102.29","","","","","","NA"
"-123.18","49.19","VANCOUVER INTL A","1108395","2024-05-01 10:00","2024","05","01","10:00","11.3","","6.2","","71","","","","8","","21","","48.3","","102.26","","","","","","Mostly Cloudy"
"-123.18","49.19","VANCOUVER INTL A","1108395","2024-05-01 11:00","2024","05","01","11:00","12.2","","6.2","","66","","","","12","","19","","48.3","","102.23","","","","","","NA"
"-123.18","49.19","VANCOUVER INTL A","1108395","2024-05-01 12:00","2024","05","01","12:00","13.1","","4.9","","57","","","","17","","18","","48.3","","102.18","","","","","","NA"
"-123.18","49.19","VANCOUVER INTL A","1108395","2024-05-01 13:00","2024","05","01","13:00","13.5","","5.7","","59","","","","12","","16","","48.3","","102.12","","","","","","Mainly Clear"
"-123.18","49.19","VANCOUVER INTL A","1108395","2024-05-01 14:00","2024","05","01","14:00","13.7","","5.0","","55","","","","18","","18","","48.3","","102.05","","","","","","NA"
"-123.18","49.19","VANCOUVER INTL A","1108395","2024-05-01 15:00","2024","05","01","15:00","14.3","","4.4","","51","","","","21","","15","","48.3","","102.00","","","","","","NA"
"-123.18","49.19","VANCOUVER INTL A","1108395","2024-05-01 16:00","2024","05","01","16:00","13.6","","4.2","","53","","","","24","","13","","48.3","","101.96","","","","","","Mainly Clear"
"-123.18","49.19","VANCOUVER INTL A","1108395","2024-05-01 17:00","2024","05","01","17:00","13.2","","4.0","","54","","","","25","","9","","48.3","","101.92","","","","","","NA"
"-123.18","49.19","VANCOUVER INTL A","1108395","2024-05-01 18:00","2024","05","01","18:00","12.7","","3.9","","55","","","","30","","10","","32.2","","101.86","","","","","","NA"
"-123.18","49.19","VANCOUVER INTL A","1108395","2024-05-01 19:00","2024","05","01","19:00","10.0","","4.9","","71","","","","28","","9","","32.2","","101.84","","","","","","Clear"
"-123.18","49.19","VANCOUVER INTL A","1108395","2024-05-01 20:00","2024","05","01","20:00","9.6","","5.1","","74","","","","26","","7","","32.2","","101.84","","","","","","NA"
"-123.18","49.19","VANCOUVER INTL A","1108395","2024-05-01 21:00","2024","05","01","21:00","8.9","","5.0","","76","","","","28","","5","","32.2","","101.84","","","","","","NA"
"-123.18","49.19","VANCOUVER INTL A","1108395","2024-05-01 22:00","2024","05","01","22:00","7.9","","2.2","","67","","","","1","","8","","32.2","","101.81","","","","","","Clear"
"-123.18","49.19","VANCOUVER INTL A","1108395","2024-05-01 23:00","2024","05","01","23:00","7.3","","3.0","","74","","","","2","","8","","32.2","","101.79","","","","","","NA"
"-123.18","49.19","VANCOUVER INTL A","1108395","2024-05-02 00:00","2024","05","02","00:00","6.6","","2.9","","77","","","","2","","3","","32.2","","101.79","","","","","","NA"
"-123.18","49.19","VANCOUVER INTL A","1108395","2024-05-02 01:00","2024","05","02","01:00","5.8","","3.3","","84","","","","36","","3","","32.2","","101.77","","","","","","Clear"
"-123.18","49.19","VANCOUVER INTL A","1108395","2024-05-02 02:00","2024","05","02","02:00","4.5","","2.6","","88","","","","36","","3","","32.2","","101.76","","","","","","NA"
"-123.18","49.19","VANCOUVER INTL A","1108395","2024-05-02 03:00","2024","05","02","03:00","5.0","","3.0","","87","","","","32","","7","","32.2","","101.77","","","","","","NA"
"-123.18","49.19","VANCOUVER INTL A","1108395","2024-05-02 04:00","2024","05","02","04:00","5.3","","2.5","","82","","","","32","","11","","32.2","","101.75","","","","","","Clear"
"-123.18","49.19","VANCOUVER INTL A","1108395","2024-05-02 05:00","2024","05","02","05:00","4.3","","3.3","","94","","","","35","","12","","32.2","","101.76","","","","","","NA"
"-123.18","49.19","VANCOUVER INTL A","1108395","2024-05-02 06:00","2024","05","02","06:00","8.0","","5.7","","85","","","","29","","14","","32.2","","101.79","","","","","","NA"
"-123.18","49.19","VANCOUVER INTL A","1108395","2024-05-02 07:00","2024","05","02","07:00","9.8","","5.6","","75","","","","29","","16","","32.2","","101.80","","","","","","Clear"
"-123.18","49.19","VANCOUVER INTL A","1108395","2024-05-02 08:00","2024","05","02","08:00","10.8","","5.3","","68","","","","30","","16","","32.2","","101.81","","","","","","NA"
"-123.18","49.19","VANCOUVER INTL A","1108395","2024-05-02 09:00","2024","05","02","09:00","11.3","","7.4","","77","","","","29","","23","","32.2","","101.80","","","","","","NA"
"-123.18","49.19","VANCOUVER INTL A","1108395","2024-05-02 10:00","2024","05","02","10:00","12.1","","8.1","","76","","","","29","","23","","32.2","","101.81","","","","","","Clear"
"-123.18","49.19","VANCOUVER INTL A","1108395","2024-05-02 11:00","2024","05","02","11:00","12.6","","8.9","","78","","","","30","","22","","32.2","","101.80","","","","","","NA"
"-123.18","49.19","VANCOUVER INTL A","1108395","2024-05-02 12:00","2024","05","02","12:00","13.0","","8.7","","75","","","","30","","21","","32.2","","101.77","","","","","","NA"
"-123.18","49.19","VANCOUVER INTL A","1108395","2024-05-02 13:00","2024","05","02","13:00","13.6","","8.6","","72","","","","30","","21","","32.2","","101.74","","","","","","Clear"
"-123.18","49.19","VANCOUVER INTL A","1108395","2024-05-02 14:00","2024","05","02","14:00","14.0","","9.2","","72","","","","29","","17","","32.2","","101.71","","","","","","NA"
"-123.18","49.19","VANCOUVER INTL A","1108395","2024-05-02 15:00","2024","05","02","15:00","14.9","","9.7","","70","","","","31","","15","","32.2","","101.69","","","","","","NA"
"-123.18","49.19","VANCOUVER INTL A","1108395","2024-05-02 16:00","2024","05","02","16:00","15.1","","8.6","","65","","","","29","","14","","32.2","","101.65","","","","","","Mainly Clear"
"-123.18","49.19","VANCOUVER INTL A","1108395","2024-05-02 17:00","2024","05","02","17:00","15.5","","8.6","","63","","","","29","","9","","32.2","","101.61","","","","","","NA"
"-123.18","49.19","VANCOUVER INTL A","1108395","2024-05-02 18:00","2024","05","02","18:00","14.9","","8.2","","64","","","","29","","8","","48.3","","101.56","","","","","","NA"
"-123.18","49.19","VANCOUVER INTL A","1108395","2024-05-02 19:00","2024","05","02","19:00","12.4","","9.1","","80","","","","27","","7","","48.3","","101.54","","","","","","Clear"
"-123.18","49.19","VANCOUVER INTL A","1108395","2024-05-02 20:00","2024","05","02","20:00","10.7","","7.8","","82","","","","26","","7","","48.3","","101.54","","","","","","NA"
"-123.18","49.19","VANCOUVER INTL A","1108395","2024-05-02 21:00","2024","05","02","21:00","11.0","","9.6","","91","","","","18","","5","","48.3","","101.55","","","","","","NA"
"-123.18","49.19","VANCOUVER INTL A","1108395","2024-05-02 22:00","2024","05","02","22:00","10.5","","7.8","","84","","","","15","","7","","32.2","","101.56","","","","","","Clear"
"-123.18","49.19","VANCOUVER INTL A","1108395","2024-05-02 23:00","2024","05","02","23:00","9.5","","4.9","","73","","","","9","","8","","32.2","","101.57","","","","","","NA"
"-123.18","49.19","VANCOUVER INTL A","1108395","2024-05-03 00:00","2024","05","03","00:00","9.2","","7.7","","90","","","","8","","11","","32.2","","101.59","","","","","","NA"
"-123.18","49.19","VANCOUVER INTL A","1108395","2024-05-03 01:00","2024","05","03","01:00","9.9","","7.6","","86","","","","7","","13","","32.2","","101.60","","","","","","Clear"
"-123.18","49.19","VANCOUVER INTL A","1108395","2024-05-03 02:00","2024","05","03","02:00","7.6","","4.6","","81","","","","9","","12","","24.1","","101.58","","","","","","NA"
"-123.18","49.19","VANCOUVER INTL A","1108395","2024-05-03 03:00","2024","05","03","03:00","6.9","","4.1","","83","","","","9","","13","","32.2","","101.58","","","","","","NA"
"-123.18","49.19","VANCOUVER INTL A","1108395","2024-05-03 04:00","2024","05","03","04:00","7.5","","4.2","","79","","","","9","","13","","32.2","","101.55","","","","","","Clear"
"-123.18","49.19","VANCOUVER INTL A","1108395","2024-05-03 05:00","2024","05","03","05:00","8.0","","4.3","","78","","","","8","","12","","48.3","","101.52","","","","","","NA"
"-123.18","49.19","VANCOUVER INTL A","1108395","2024-05-03 06:00","2024","05","03","06:00","9.7","","4.9","","72","","","","9","","13","","32.2","","101.51","","","","","","NA"
"-123.18","49.19","VANCOUVER INTL A","1108395","2024-05-03 07:00","2024","05","03","07:00","10.4","","6.0","","74","","","","10","","15","","32.2","","101.47","","","","","","Mostly Cloudy"
"-123.18","49.19","VANCOUVER INTL A","1108395","2024-05-03 08:00","2024","05","03","08:00","13.1","","5.7","","61","","","","9","","16","","32.2","","101.39","","","","","","NA"
"-123.18","49.19","VANCOUVER INTL A","1108395","2024-05-03 09:00","2024","05","03","09:00","15.1","","6.6","","57","","","","10","","11","","32.2","","101.35","","","","","","NA"
"-123.18","49.19","VANCOUVER INTL A","1108395","2024-05-03 10:00","2024","05","03","10:00","16.8","","5.3","","46","","","","11","","16","","32.2","","101.28","","","","","","Mostly Cloudy"
"-123.18","49.19","VANCOUVER INTL A","1108395","2024-05-03 11:00","2024","05","03","11:00","17.1","","5.6","","47","","","","12","","10","","32.2","","101.17","","","","","","NA"
"-123.18","49.19","VANCOUVER INTL A","1108395","2024-05-03 12:00","2024","05","03","12:00","14.8","","8.3","","65","","","","25","","15","","32.2","","101.08","","","","","","NA"
"-123.18","49.19","VANCOUVER INTL A","1108395","2024-05-03 13:00","2024","05","03","13:00","15.8","","8.6","","62","","","","24","","8","","32.2","","100.98","","","","","","Mostly Cloudy"
"-123.18","49.19","VANCOUVER INTL A","1108395","2024-05-03 14:00","2024","05","03","14:00","16.9","","10.5","","66","","","","28","","7","","32.2","","100.87","","","","","","NA"
"-123.18","49.19","VANCOUVER INTL A","1108395","2024-05-03 15:00","2024","05","03","15:00","18.4","","9.1","","54","","","","23","","11","","32.2","","100.75","","","","","","NA"
"-123.18","49.19","VANCOUVER INTL A","1108395","2024-05-03 16:00","2024","05","03","16:00","15.8","","8.1","","60","","","","23","","9","","32.2","","100.65","","","","","","Mostly Cloudy"
"-123.18","49.19","VANCOUVER INTL A","1108395","2024-05-03 17:00","2024","05","03","17:00","18.0","","4.7","","41","","","","18","","11","","32.2","","100.55","","","","","","NA"
"-123.18","49.19","VANCOUVER INTL A","1108395","2024-05-03 18:00","2024","05","03","18:00","17.3","","3.6","","40","","","","18","","11","","32.2","","100.50","","","","","","NA"
"-123.18","49.19","VANCOUVER INTL A","1108395","2024-05-03 19:00","2024","05","03","19:00","13.6","","9.7","","77","","","","27","","7","","32.2","","100.50","","","","","","Cloudy"
"-123.18","49.19","VANCOUVER INTL A","1108395","2024-05-03 20:00","2024","05","03","20:00","13.3","","8.7","","73","","","","36","","8","","24.1","","100.48","","","","","","NA"
"-123.18","49.19","VANCOUVER INTL A","1108395","2024-05-03 21:00","2024","05","03","21:00","15.7","","5.4","","50","","","","4","","8","","24.1","","100.44","","","","","","NA"
"-123.18","49.19","VANCOUVER INTL A","1108395","2024-05-03 22:00","2024","05","03","22:00","14.8","","5.3","","53","","","","10","","15","","24.1","","100.42","","","","","","Mostly Cloudy"
"-123.18","49.19","VANCOUVER INTL A","1108395","2024-05-03 23:00","2024","05","03","23:00","15.4","","4.5","","48","","","","11","","12","","24.1","","100.38","","","","","","NA"
"-123.18","49.19","VANCOUVER INTL A","1108395","2024-05-04 00:00","2024","05","04","00:00","15.0","","4.6","","49","","","","8","","12","","24.1","","100.34","","","","","","NA"
"-123.18","49.19","VANCOUVER INTL A","1108395","2024-05-04 01:00","2024","05","04","01:00","13.3","","6.4","","63","","","","11","","8","","24.1","","100.31","","","","","","Mostly Cloudy"
"-123.18","49.19","VANCOUVER INTL A","1108395","2024-05-04 02:00","2024","05","04","02:00","13.0","","6.9","","66","","","","8","","8","","24.1","","100.26","","","","","","NA"
"-123.18","49.19","VANCOUVER INTL A","1108395","2024-05-04 03:00","2024","05","04","03:00","13.5","","6.5","","62","","","","4","","8","","24.1","","100.20","","","","","","NA"
"-123.18","49.19","VANCOUVER INTL A","1108395","2024-05-04 04:00","2024","05","04","04:00","13.7","","6.1","","60","","","","5","","4","","24.1","","100.14","","","","","","Mostly Cloudy"
"-123.18","49.19","VANCOUVER INTL A","1108395","2024-05-04 05:00","2024","05","04","05:00","11.8","","8.9","","82","","","","35","","5","","24.1","","100.09","","","","","","NA"
"-123.18","49.19","VANCOUVER INTL A","1108395","2024-05-04 06:00","2024","05","04","06:00","12.2","","9.9","","86","","","","17","","8","","32.2","","100.07","","","","","","NA"
"-123.18","49.19","VANCOUVER INTL A","1108395","2024-05-04 07:00","2024","05","04","07:00","12.3","","11.4","","94","","","","29","","18","","32.2","","100.10","","","","","","Cloudy"
"-123.18","49.19","VANCOUVER INTL A","1108395","2024-05-04 08:00","2024","05","04","08:00","12.7","","11.4","","92","","","","30","","19","","32.2","","100.10","","","","","","NA"
"-123.18","49.19","VANCOUVER INTL A","1108395","2024-05-04 09:00","2024","05","04","09:00","12.7","","10.2","","85","","","","29","","27","","32.2","","100.08","","","","","","NA"
"-123.18","49.19","VANCOUVER INTL A","1108395","2024-05-04 10:00","2024","05","04","10:00","13.3","","10.3","","82","","","","30","","30","","32.2","","100.02","","","","","","Cloudy"
"-123.18","49.19","VANCOUVER INTL A","1108395","2024-05-04 11:00","2024","05","04","11:00","14.0","","11.1","","83","","","","31","","27","","32.2","","99.97","","","","","","NA"
"-123.18","49.19","VANCOUVER INTL A","1108395","2024-05-04 12:00","2024","05","04","12:00","14.9","","11.2","","78","","","","28","","30","","32.2","","99.92","","","","","","NA"
"-123.18","49.19","VANCOUVER INTL A","1108395","2024-05-04 13:00","2024","05","04","13:00","15.3","","11.1","","76","","","","29","","32","","32.2","","99.87","","","","","","Mostly Cloudy"
"-123.18","49.19","VANCOUVER INTL A","1108395","2024-05-04 14:00","2024","05","04","14:00","14.5","","11.2","","80","","","","29","","27","","32.2","","99.89","","","","","","NA"
"-123.18","49.19","VANCOUVER INTL A","1108395","2024-05-04 15:00","2024","05","04","15:00","14.1","","10.7","","80","","","","29","","23","","32.2","","99.90","","","","","","NA"
"-123.18","49.19","VANCOUVER INTL A","1108395","2024-05-04 16:00","2024","05","04","16:00","13.9","","10.8","","81","","","","31","","18","","32.2","","99.90","","","","","","Mostly Cloudy"
"-123.18","49.19","VANCOUVER INTL A","1108395","2024-05-04 17:00","2024","05","04","17:00","13.8","","10.6","","81","","","","31","","20","","32.2","","99.94","","","","","","NA"
"-123.18","49.19","VANCOUVER INTL A","1108395","2024-05-04 18:00","2024","05","04","18:00","13.5","","11.2","","86","","","","29","","13","","32.2","","99.99","","","","","","NA"
"-123.18","49.19","VANCOUVER INTL A","1108395","2024-05-04 19:00","2024","05","04","19:00","13.0","","10.7","","85","","","","19","","13","","16.1","","100.06","","","","","","Cloudy"
"-123.18","49.19","VANCOUVER INTL A","1108395","2024-05-04 20:00","2024","05","04","20:00","13.3","","8.5","","73","","","","15","","10","","24.1","","100.14","","","","","","NA"
"-123.18","49.19","VANCOUVER INTL A","1108395","2024-05-04 21:00","2024","05","04","21:00","13.5","","8.6","","72","","","","3","","6","","24.1","","100.15","","","","","","NA"
"-123.18","49.19","VANCOUVER INTL A","1108395","2024-05-04 22:00","2024","05","04","22:00","11.9","","9.1","","83","","","","9","","11","","24.1","","100.15","","","","","","Cloudy"
"-123.18","49.19","VANCOUVER INTL A","1108395","2024-05-04 23:00","2024","05","04","23:00","12.4","","9.5","","83","","","","9","","8","","24.1","","100.13","","","","","","NA"
"-123.18","49.19","VANCOUVER INTL A","1108395","2024-05-05 00:00","2024","05","05","00:00","12.4","","9.4","","82","","","","11","","11","","24.1","","100.13","","","","","","NA"
"-123.18","49.19","VANCOUVER INTL A","1108395","2024-05-05 01:00","2024","05","05","01:00","12.3","","9.1","","81","","","","11","","10","","24.1","","100.15","","","","","","Mostly Cloudy"
"-123.18","49.19","VANCOUVER INTL A","1108395","2024-05-05 02:00","2024","05","05","02:00","11.2","","9.7","","91","","","","9","","14","","24.1","","100.16","","","","","","NA"
"-123.18","49.19","VANCOUVER INTL A","1108395","2024-05-05 03:00","2024","05","05","03:00","11.6","","9.4","","86","","","","8","","8","","24.1","","100.19","","","","","","NA"
"-123.18","49.19","VANCOUVER INTL A","1108395","2024-05-05 04:00","2024","05","05","04:00","11.2","","9.8","","91","","","","12","","13","","24.1","","100.23","","","","","","Mostly Cloudy"
"-123.18","49.19","VANCOUVER INTL A","1108395","2024-05-05 05:00","2024","05","05","05:00","11.0","","10.0","","93","","","","10","","18","","24.1","","100.24","","","","","","NA"
"-123.18","49.19","VANCOUVER INTL A","1108395","2024-05-05 06:00","2024","05","05","06:00","11.2","","9.8","","91","","","","11","","17","","32.2","","100.27","","","","","","NA"
"-123.18","49.19","VANCOUVER INTL A","1108395","2024-05-05 07:00","2024","05","05","07:00","11.5","","10.0","","90","","","","11","","18","","32.2","","100.30","","","","","","Cloudy"
"-123.18","49.19","VANCOUVER INTL A","1108395","2024-05-05 08:00","2024","05","05","08:00","11.7","","9.5","","86","","","","10","","17","","24.1","","100.35","","","","","","NA"
"-123.18","49.19","VANCOUVER INTL A","1108395","2024-05-05 09:00","2024","05","05","09:00","12.0","","9.7","","86","","","","10","","23","","32.2","","100.38","","","","","","NA"
"-123.18","49.19","VANCOUVER INTL A","1108395","2024-05-05 10:00","2024","05","05","10:00","12.0","","9.7","","86","","","","11","","21","","32.2","","100.42","","","","","","Cloudy"
"-123.18","49.19","VANCOUVER INTL A","1108395","2024-05-05 11:00","2024","05","05","11:00","12.9","","9.6","","81","","","","11","","23","","32.2","","100.45","","","","","","NA"
"-123.18","49.19","VANCOUVER INTL A","1108395","2024-05-05 12:00","2024","05","05","12:00","12.3","","9.8","","85","","","","12","","15","","24.1","","100.48","","","","","","NA"
"-123.18","49.19","VANCOUVER INTL A","1108395","2024-05-05 13:00","2024","05","05","13:00","12.1","","11.1","","93","","","","10","","15","","12.9","","100.49","","","","","","Rain"
"-123.18","49.19","VANCOUVER INTL A","1108395","2024-05-05 14:00","2024","05","05","14:00","12.2","","11.8","","97","","","","12","","11","","12.9","","100.52","","","","","","Rain"
"-123.18","49.19","VANCOUVER INTL A","1108395","2024-05-05 15:00","2024","05","05","15:00","12.0","","11.3","","95","","","","16","","16","","12.9","","100.53","","","","","","Rain"
"-123.18","49.19","VANCOUVER INTL A","1108395","2024-05-05 16:00","2024","05","05","16:00","11.3","","11.0","","98","","","","15","","18","","12.9","","100.55","","","","","","Rain"
"-123.18","49.19","VANCOUVER INTL A","1108395","2024-05-05 17:00","2024","05","05","17:00","10.8","","10.6","","99","","","","16","","17","","12.9","","100.59","","","","","","Rain"
"-123.18","49.19","VANCOUVER INTL A","1108395","2024-05-05 18:00","2024","05","05","18:00","10.3","","9.1","","92","","","","15","","17","","12.9","","100.61","","","","","","Rain"
"-123.18","49.19","VANCOUVER INTL A","1108395","2024-05-05 19:00","2024","05","05","19:00","10.8","","7.2","","78","","","","21","","27","","24.1","","100.66","","","","","","Rain"
"-123.18","49.19","VANCOUVER INTL A","1108395","2024-05-05 20:00","2024","05","05","20:00","10.6","","6.7","","77","","","","20","","23","","24.1","","100.70","","","","","","NA"
"-123.18","49.19","VANCOUVER INTL A","1108395","2024-05-05 21:00","2024","05","05","21:00","10.4","","6.1","","75","","","","20","","21","","32.2","","100.78","","","","","","NA"
"-123.18","49.19","VANCOUVER INTL A","1108395","2024-05-05 22:00","2024","05","05","22:00","9.8","","6.4","","80","","","","15","","8","","32.2","","100.77","","","","","","Cloudy"
"-123.18","49.19","VANCOUVER INTL A","1108395","2024-05-05 23:00","2024","05","05","23:00","9.5","","6.5","","82","","","","10","","11","","32.2","","100.78","","","","","","NA"
"-123.18","49.19","VANCOUVER INTL A","1108395","2024-05-06 00:00","2024","05","06","00:00","9.6","","7.7","","88","","","","12","","23","","32.2","","100.78","","","","","","NA"
"-123.18","49.19","VANCOUVER INTL A","1108395","2024-05-06 01:00","2024","05","06","01:00","9.3","","8.6","","96","","","","14","","23","","32.2","","100.78","","","","","","Cloudy"
"-123.18","49.19","VANCOUVER INTL A","1108395","2024-05-06 02:00","2024","05","06","02:00","8.5","","8.5","","100","","","","13","","17","","32.2","","100.74","","","","","","Rain"
"-123.18","49.19","VANCOUVER INTL A","1108395","2024-05-06 03:00","2024","05","06","03:00","8.6","","8.0","","96","","","","14","","21","","32.2","","100.75","","","","","","NA"
"-123.18","49.19","VANCOUVER INTL A","1108395","2024-05-06 04:00","2024","05","06","04:00","8.2","","8.0","","98","","","","12","","14","","32.2","","100.74","","","","","","Mostly Cloudy"
"-123.18","49.19","VANCOUVER INTL A","1108395","2024-05-06 05:00","2024","05","06","05:00","8.0","","7.8","","99","","","","13","","14","","32.2","","100.75","","","","","","NA"
"-123.18","49.19","VANCOUVER INTL A","1108395","2024-05-06 06:00","2024","05","06","06:00","8.2","","7.8","","97","","","","36","","1","","48.3","","100.77","","","","","","NA"
"-123.18","49.19","VANCOUVER INTL A","1108395","2024-05-06 07:00","2024","05","06","07:00","10.6","","5.6","","71","","","","17","","14","","48.3","","100.85","","","","","","Mostly Cloudy"
"-123.18","49.19","VANCOUVER INTL A","1108395","2024-05-06 08:00","2024","05","06","08:00","10.0","","5.1","","71","","","","19","","16","","48.3","","100.90","","","","","","NA"
"-123.18","49.19","VANCOUVER INTL A","1108395","2024-05-06 09:00","2024","05","06","09:00","10.9","","6.1","","72","","","","19","","11","","48.3","","100.95","","","","","","NA"
"-123.18","49.19","VANCOUVER INTL A","1108395","2024-05-06 10:00","2024","05","06","10:00","10.9","","4.9","","66","","","","20","","9","","48.3","","100.99","","","","","","Mainly Clear"
"-123.18","49.19","VANCOUVER INTL A","1108395","2024-05-06 11:00","2024","05","06","11:00","12.9","","4.4","","56","","","","25","","10","","48.3","","101.02","","","","","","NA"
"-123.18","49.19","VANCOUVER INTL A","1108395","2024-05-06 12:00","2024","05","06","12:00","13.8","","5.4","","57","","","","19","","14","","48.3","","101.03","","","","","","NA"
"-123.18","49.19","VANCOUVER INTL A","1108395","2024-05-06 13:00","2024","05","06","13:00","14.7","","4.1","","49","","","","23","","17","","48.3","","101.07","","","","","","Mainly Clear"
"-123.18","49.19","VANCOUVER INTL A","1108395","2024-05-06 14:00","2024","05","06","14:00","14.5","","5.6","","55","","","","23","","17","","48.3","","101.09","","","","","","NA"
"-123.18","49.19","VANCOUVER INTL A","1108395","2024-05-06 15:00","2024","05","06","15:00","13.8","","5.7","","58","","","","26","","10","","48.3","","101.10","","","","","","NA"
"-123.18","49.19","VANCOUVER INTL A","1108395","2024-05-06 16:00","2024","05","06","16:00","13.3","","4.5","","55","","","","24","","8","","48.3","","101.11","","","","","","Mainly Clear"
"-123.18","49.19","VANCOUVER INTL A","1108395","2024-05-06 17:00","2024","05","06","17:00","11.7","","5.4","","65","","","","24","","15","","48.3","","101.15","","","","","","NA"
"-123.18","49.19","VANCOUVER INTL A","1108395","2024-05-06 18:00","2024","05","06","18:00","11.8","","4.7","","61","","","","22","","12","","48.3","","101.17","","","","","","NA"
"-123.18","49.19","VANCOUVER INTL A","1108395","2024-05-06 19:00","2024","05","06","19:00","11.7","","4.5","","61","","","","23","","14","","48.3","","101.22","","","","","","Mostly Cloudy"
"-123.18","49.19","VANCOUVER INTL A","1108395","2024-05-06 20:00","2024","05","06","20:00","10.9","","5.5","","69","","","","25","","14","","48.3","","101.28","","","","","","NA"
"-123.18","49.19","VANCOUVER INTL A","1108395","2024-05-06 21:00","2024","05","06","21:00","10.4","","4.3","","66","","","","25","","23","","32.2","","101.37","","","","","","NA"
"-123.18","49.19","VANCOUVER INTL A","1108395","2024-05-06 22:00","2024","05","06","22:00","9.6","","6.0","","79","","","","29","","30","","32.2","","101.36","","","","","","Mainly Clear"
"-123.18","49.19","VANCOUVER INTL A","1108395","2024-05-06 23:00","2024","05","06","23:00","9.6","","6.1","","79","","","","28","","32","","32.2","","101.44","","","","","","NA"
"-123.18","49.19","VANCOUVER INTL A","1108395","2024-05-07 00:00","2024","05","07","00:00","9.1","","6.1","","81","","","","29","","32","","32.2","","101.50","","","","","","NA"
"-123.18","49.19","VANCOUVER INTL A","1108395","2024-05-07 01:00","2024","05","07","01:00","8.8","","6.7","","87","","","","27","","35","","32.2","","101.59","","","","","","Mostly Cloudy"
"-123.18","49.19","VANCOUVER INTL A","1108395","2024-05-07 02:00","2024","05","07","02:00","8.7","","5.7","","81","","","","28","","33","","32.2","","101.67","","","","","","NA"
"-123.18","49.19","VANCOUVER INTL A","1108395","2024-05-07 03:00","2024","05","07","03:00","8.5","","6.0","","84","","","","28","","28","","32.2","","101.76","","","","","","NA"
"-123.18","49.19","VANCOUVER INTL A","1108395","2024-05-07 04:00","2024","05","07","04:00","8.5","","5.4","","81","","","","29","","34","","32.2","","101.83","","","","","","Mainly Clear"
"-123.18","49.19","VANCOUVER INTL A","1108395","2024-05-07 05:00","2024","05","07","05:00","8.3","","5.3","","81","","","","28","","27","","32.2","","101.90","","","","","","NA"
"-123.18","49.19","VANCOUVER INTL A","1108395","2024-05-07 06:00","2024","05","07","06:00","8.3","","5.2","","80","","","","28","","32","","48.3","","102.01","","","","","","NA"
"-123.18","49.19","VANCOUVER INTL A","1108395","2024-05-07 07:00","2024","05","07","07:00","9.5","","4.9","","73","","","","28","","31","","48.3","","102.08","","","","","","Clear"
"-123.18","49.19","VANCOUVER INTL A","1108395","2024-05-07 08:00","2024","05","07","08:00","10.6","","5.6","","71","","","","28","","34","","48.3","","102.16","","","","","","NA"
"-123.18","49.19","VANCOUVER INTL A","1108395","2024-05-07 09:00","2024","05","07","09:00","11.3","","5.2","","66","","","","27","","35","","48.3","","102.22","","","","","","NA"
"-123.18","49.19","VANCOUVER INTL A","1108395","2024-05-07 10:00","2024","05","07","10:00","11.8","","5.5","","65","","","","27","","33","","48.3","","102.27","","","","","","Mainly Clear"
"-123.18","49.19","VANCOUVER INTL A","1108395","2024-05-07 11:00","2024","05","07","11:00","12.4","","5.4","","62","","","","27","","34","","48.3","","102.31","","","","","","NA"
"-123.18","49.19","VANCOUVER INTL A","1108395","2024-05-07 12:00","2024","05","07","12:00","12.6","","5.5","","62","","","","29","","31","","48.3","","102.32","","","","","","NA"
"-123.18","49.19","VANCOUVER INTL A","1108395","2024-05-07 13:00","2024","05","07","13:00","12.9","","4.6","","57","","","","25","","28","","48.3","","102.36","","","","","","Mainly Clear"
"-123.18","49.19","VANCOUVER INTL A","1108395","2024-05-07 14:00","2024","05","07","14:00","13.4","","5.8","","60","","","","24","","24","","48.3","","102.36","","","","","","NA"
"-123.18","49.19","VANCOUVER INTL A","1108395","2024-05-07 15:00","2024","05","07","15:00","13.6","","5.0","","56","","","","24","","26","","48.3","","102.37","","","","","","NA"
"-123.18","49.19","VANCOUVER INTL A","1108395","2024-05-07 16:00","2024","05","07","16:00","13.7","","6.2","","60","","","","24","","28","","48.3","","102.40","","","","","","Mainly Clear"
"-123.18","49.19","VANCOUVER INTL A","1108395","2024-05-07 17:00","2024","05","07","17:00","18.3","","1.7","","32","","","","18","","4","","48.3","","102.42","","","","","","NA"
"-123.18","49.19","VANCOUVER INTL A","1108395","2024-05-07 18:00","2024","05","07","18:00","12.8","","5.7","","62","","","","22","","18","","48.3","","102.44","","","","","","NA"
"-123.18","49.19","VANCOUVER INTL A","1108395","2024-05-07 19:00","2024","05","07","19:00","11.7","","7.1","","73","","","","24","","21","","48.3","","102.48","","","","","","Clear"
"-123.18","49.19","VANCOUVER INTL A","1108395","2024-05-07 20:00","2024","05","07","20:00","11.5","","5.2","","65","","","","25","","18","","32.2","","102.54","","","","","","NA"
"-123.18","49.19","VANCOUVER INTL A","1108395","2024-05-07 21:00","2024","05","07","21:00","11.0","","6.2","","72","","","","23","","8","","32.2","","102.59","","","","","","NA"
"-123.18","49.19","VANCOUVER INTL A","1108395","2024-05-07 22:00","2024","05","07","22:00","9.4","","5.3","","76","","","","7","","12","","32.2","","102.64","","","","","","Clear"
"-123.18","49.19","VANCOUVER INTL A","1108395","2024-05-07 23:00","2024","05","07","23:00","8.1","","4.3","","77","","","","10","","9","","32.2","","102.70","","","","","","NA"
"-123.18","49.19","VANCOUVER INTL A","1108395","2024-05-08 00:00","2024","05","08","00:00","7.0","","4.6","","85","","","","10","","11","","32.2","","102.73","","","","","","NA"
"-123.18","49.19","VANCOUVER INTL A","1108395","2024-05-08 01:00","2024","05","08","01:00","6.5","","3.9","","83","","","","10","","10","","32.2","","102.76","","","","","","Clear"
"-123.18","49.19","VANCOUVER INTL A","1108395","2024-05-08 02:00","2024","05","08","02:00","7.5","","4.5","","81","","","","7","","14","","32.2","","102.81","","","","","","NA"
"-123.18","49.19","VANCOUVER INTL A","1108395","2024-05-08 03:00","2024","05","08","03:00","6.8","","3.7","","80","","","","9","","6","","32.2","","102.90","","","","","","NA"
"-123.18","49.19","VANCOUVER INTL A","1108395","2024-05-08 04:00","2024","05","08","04:00","6.7","","4.1","","83","","","","8","","10","","32.2","","102.94","","","","","","Clear"
"-123.18","49.19","VANCOUVER INTL A","1108395","2024-05-08 05:00","2024","05","08","05:00","7.0","","5.1","","88","","","","8","","14","","32.2","","103.01","","","","","","NA"
"-123.18","49.19","VANCOUVER INTL A","1108395","2024-05-08 06:00","2024","05","08","06:00","8.9","","5.8","","81","","","","8","","12","","48.3","","103.04","","","","","","NA"
"-123.18","49.19","VANCOUVER INTL A","1108395","2024-05-08 07:00","2024","05","08","07:00","9.7","","5.8","","77","","","","10","","13","","48.3","","103.07","","","","","","Mainly Clear"
"-123.18","49.19","VANCOUVER INTL A","1108395","2024-05-08 08:00","2024","05","08","08:00","11.1","","6.9","","75","","","","12","","5","","48.3","","103.09","","","","","","NA"
"-123.18","49.19","VANCOUVER INTL A","1108395","2024-05-08 09:00","2024","05","08","09:00","12.0","","6.4","","68","","","","18","","7","","48.3","","103.05","","","","","","NA"
"-123.18","49.19","VANCOUVER INTL A","1108395","2024-05-08 10:00","2024","05","08","10:00","12.6","","8.4","","75","","","","23","","13","","48.3","","103.05","","","","","","Clear"
"-123.18","49.19","VANCOUVER INTL A","1108395","2024-05-08 11:00","2024","05","08","11:00","12.7","","8.6","","76","","","","25","","14","","48.3","","103.07","","","","","","NA"
"-123.18","49.19","VANCOUVER INTL A","1108395","2024-05-08 12:00","2024","05","08","12:00","13.1","","7.4","","68","","","","24","","13","","48.3","","103.04","","","","","","NA"
"-123.18","49.19","VANCOUVER INTL A","1108395","2024-05-08 13:00","2024","05","08","13:00","14.2","","8.1","","67","","","","27","","9","","48.3","","103.04","","","","","","Clear"
"-123.18","49.19","VANCOUVER INTL A","1108395","2024-05-08 14:00","2024","05","08","14:00","14.9","","8.0","","63","","","","28","","11","","48.3","","103.01","","","","","","NA"
"-123.18","49.19","VANCOUVER INTL A","1108395","2024-05-08 15:00","2024","05","08","15:00","15.3","","8.0","","61","","","","29","","14","","48.3","","102.94","","","","","","NA"
"-123.18","49.19","VANCOUVER INTL A","1108395","2024-05-08 16:00","2024","05","08","16:00","14.0","","7.2","","63","","","","24","","12","","48.3","","102.89","","","","","","Mainly Clear"
"-123.18","49.19","VANCOUVER INTL A","1108395","2024-05-08 17:00","2024","05","08","17:00","14.1","","6.2","","59","","","","23","","7","","48.3","","102.84","","","","","","NA"
"-123.18","49.19","VANCOUVER INTL A","1108395","2024-05-08 18:00","2024","05","08","18:00","14.0","","5.3","","56","","","","21","","8","","32.2","","102.81","","","","","","NA"
"-123.18","49.19","VANCOUVER INTL A","1108395","2024-05-08 19:00","2024","05","08","19:00","13.4","","6.4","","62","","","","20","","8","","32.2","","102.80","","","","","","Mostly Cloudy"
"-123.18","49.19","VANCOUVER INTL A","1108395","2024-05-08 20:00","2024","05","08","20:00","13.1","","6.4","","64","","","","19","","7","","32.2","","102.79","","","","","","NA"
"-123.18","49.19","VANCOUVER INTL A","1108395","2024-05-08 21:00","2024","05","08","21:00","12.8","","5.1","","59","","","","12","","3","","32.2","","102.81","","","","","","NA"
"-123.18","49.19","VANCOUVER INTL A","1108395","2024-05-08 22:00","2024","05","08","22:00","11.4","","5.0","","65","","","","6","","4","","32.2","","102.83","","","","","","Mainly Clear"
"-123.18","49.19","VANCOUVER INTL A","1108395","2024-05-08 23:00","2024","05","08","23:00","10.4","","5.3","","70","","","","1","","4","","32.2","","102.85","","","","","","NA"
"-123.18","49.19","VANCOUVER INTL A","1108395","2024-05-09 00:00","2024","05","09","00:00","10.7","","6.0","","73","","","","6","","4","","32.2","","102.86","","","","","","NA"
"-123.18","49.19","VANCOUVER INTL A","1108395","2024-05-09 01:00","2024","05","09","01:00","9.9","","6.9","","82","","","","7","","4","","32.2","","102.89","","","","","","Clear"
"-123.18","49.19","VANCOUVER INTL A","1108395","2024-05-09 02:00","2024","05","09","02:00","7.6","","6.0","","90","","","","36","","4","","32.2","","102.91","","","","","","NA"
"-123.18","49.19","VANCOUVER INTL A","1108395","2024-05-09 03:00","2024","05","09","03:00","9.2","","6.7","","84","","","","2","","4","","32.2","","102.93","","","","","","NA"
"-123.18","49.19","VANCOUVER INTL A","1108395","2024-05-09 04:00","2024","05","09","04:00","8.6","","7.0","","90","","","","36","","1","","32.2","","102.94","","","","","","Mainly Clear"
"-123.18","49.19","VANCOUVER INTL A","1108395","2024-05-09 05:00","2024","05","09","05:00","6.8","","4.8","","87","","","","11","","6","","32.2","","102.95","","","","","","NA"
"-123.18","49.19","VANCOUVER INTL A","1108395","2024-05-09 06:00","2024","05","09","06:00","9.9","","8.9","","93","","","","33","","3","","32.2","","102.98","","","","","","NA"
"-123.18","49.19","VANCOUVER INTL A","1108395","2024-05-09 07:00","2024","05","09","07:00","13.3","","9.0","","75","","","","34","","6","","32.2","","102.97","","","","","","Mainly Clear"
"-123.18","49.19","VANCOUVER INTL A","1108395","2024-05-09 08:00","2024","05","09","08:00","14.2","","9.4","","73","","","","28","","14","","32.2","","102.97","","","","","","NA"
"-123.18","49.19","VANCOUVER INTL A","1108395","2024-05-09 09:00","2024","05","09","09:00","14.3","","10.5","","77","","","","28","","19","","32.2","","102.95","","","","","","NA"
"-123.18","49.19","VANCOUVER INTL A","1108395","2024-05-09 10:00","2024","05","09","10:00","14.7","","11.0","","78","","","","30","","23","","32.2","","102.89","","","","","","Clear"
"-123.18","49.19","VANCOUVER INTL A","1108395","2024-05-09 11:00","2024","05","09","11:00","15.8","","12.2","","79","","","","30","","27","","32.2","","102.81","","","","","","NA"
"-123.18","49.19","VANCOUVER INTL A","1108395","2024-05-09 12:00","2024","05","09","12:00","16.3","","12.2","","77","","","","30","","26","","32.2","","102.73","","","","","","NA"
"-123.18","49.19","VANCOUVER INTL A","1108395","2024-05-09 13:00","2024","05","09","13:00","17.2","","12.5","","74","","","","31","","27","","32.2","","102.64","","","","","","Mainly Clear"
"-123.18","49.19","VANCOUVER INTL A","1108395","2024-05-09 14:00","2024","05","09","14:00","17.7","","11.9","","68","","","","30","","25","","32.2","","102.59","","","","","","NA"
"-123.18","49.19","VANCOUVER INTL A","1108395","2024-05-09 15:00","2024","05","09","15:00","17.8","","12.4","","71","","","","30","","23","","32.2","","102.51","","","","","","NA"
"-123.18","49.19","VANCOUVER INTL A","1108395","2024-05-09 16:00","2024","05","09","16:00","17.9","","10.8","","63","","","","30","","26","","32.2","","102.43","","","","","","Clear"
"-123.18","49.19","VANCOUVER INTL A","1108395","2024-05-09 17:00","2024","05","09","17:00","16.7","","11.1","","69","","","","31","","24","","32.2","","102.37","","","","","","NA"
"-123.18","49.19","VANCOUVER INTL A","1108395","2024-05-09 18:00","2024","05","09","18:00","16.2","","11.1","","71","","","","31","","16","","32.2","","102.30","","","","","","NA"
"-123.18","49.19","VANCOUVER INTL A","1108395","2024-05-09 19:00","2024","05","09","19:00","15.3","","10.4","","73","","","","31","","19","","32.2","","102.24","","","","","","Clear"
"-123.18","49.19","VANCOUVER INTL A","1108395","2024-05-09 20:00","2024","05","09","20:00","14.0","","10.2","","78","","","","32","","13","","32.2","","102.21","","","","","","NA"
"-123.18","49.19","VANCOUVER INTL A","1108395","2024-05-09 21:00","2024","05","09","21:00","13.5","","11.3","","86","","","","31","","12","","24.1","","102.21","","","","","","NA"
"-123.18","49.19","VANCOUVER INTL A","1108395","2024-05-09 22:00","2024","05","09","22:00","13.9","","10.8","","81","","","","32","","3","","24.1","","102.21","","","","","","Clear"
"-123.18","49.19","VANCOUVER INTL A","1108395","2024-05-09 23:00","2024","05","09","23:00","14.4","","9.8","","73","","","","10","","5","","24.1","","102.20","","","","","","NA"
"-123.18","49.19","VANCOUVER INTL A","1108395","2024-05-10 00:00","2024","05","10","00:00","11.9","","9.0","","82","","","","3","","5","","24.1","","102.22","","","","","","NA"
"-123.18","49.19","VANCOUVER INTL A","1108395","2024-05-10 01:00","2024","05","10","01:00","11.2","","6.8","","75","","","","2","","3","","24.1","","102.23","","","","","","Clear"
"-123.18","49.19","VANCOUVER INTL A","1108395","2024-05-10 02:00","2024","05","10","02:00","11.4","","7.7","","78","","","","11","","4","","24.1","","102.24","","","","","","NA"
"-123.18","49.19","VANCOUVER INTL A","1108395","2024-05-10 03:00","2024","05","10","03:00","11.1","","10.4","","96","","","","23","","9","","24.1","","102.25","","","","","","NA"
"-123.18","49.19","VANCOUVER INTL A","1108395","2024-05-10 04:00","2024","05","10","04:00","9.1","","7.6","","90","","","","2","","9","","24.1","","102.24","","","","","","Clear"
"-123.18","49.19","VANCOUVER INTL A","1108395","2024-05-10 05:00","2024","05","10","05:00","10.1","","8.5","","90","","","","31","","3","","32.2","","102.23","","","","","","NA"
"-123.18","49.19","VANCOUVER INTL A","1108395","2024-05-10 06:00","2024","05","10","06:00","12.8","","10.6","","86","","","","34","","6","","32.2","","102.24","","","","","","NA"
"-123.18","49.19","VANCOUVER INTL A","1108395","2024-05-10 07:00","2024","05","10","07:00","14.9","","10.9","","77","","","","27","","14","","32.2","","102.22","","","","","","Clear"
"-123.18","49.19","VANCOUVER INTL A","1108395","2024-05-10 08:00","2024","05","10","08:00","14.9","","12.3","","84","","","","29","","21","","32.2","","102.22","","","","","","NA"
"-123.18","49.19","VANCOUVER INTL A","1108395","2024-05-10 09:00","2024","05","10","09:00","16.1","","12.2","","78","","","","30","","21","","32.2","","102.18","","","","","","NA"
"-123.18","49.19","VANCOUVER INTL A","1108395","2024-05-10 10:00","2024","05","10","10:00","16.9","","12.6","","75","","","","28","","18","","32.2","","102.12","","","","","","Mainly Clear"
"-123.18","49.19","VANCOUVER INTL A","1108395","2024-05-10 11:00","2024","05","10","11:00","17.1","","12.6","","74","","","","30","","19","","32.2","","102.08","","","","","","NA"
"-123.18","49.19","VANCOUVER INTL A","1108395","2024-05-10 12:00","2024","05","10","12:00","18.2","","13.1","","72","","","","29","","18","","32.2","","101.99","","","","","","NA"
"-123.18","49.19","VANCOUVER INTL A","1108395","2024-05-10 13:00","2024","05","10","13:00","19.1","","12.7","","66","","","","29","","12","","32.2","","101.89","","","","","","Mainly Clear"
"-123.18","49.19","VANCOUVER INTL A","1108395","2024-05-10 14:00","2024","05","10","14:00","20.3","","13.0","","63","","","","29","","11","","32.2","","101.82","","","","","","NA"
"-123.18","49.19","VANCOUVER INTL A","1108395","2024-05-10 15:00","2024","05","10","15:00","20.3","","11.5","","57","","","","28","","12","","32.2","","101.72","","","","","","NA"
"-123.18","49.19","VANCOUVER INTL A","1108395","2024-05-10 16:00","2024","05","10","16:00","20.7","","11.9","","57","","","","29","","13","","32.2","","101.62","","","","","","Mainly Clear"
"-123.18","49.19","VANCOUVER INTL A","1108395","2024-05-10 17:00","2024","05","10","17:00","19.6","","11.0","","57","","","","29","","13","","32.2","","101.54","","","","","","NA"
"-123.18","49.19","VANCOUVER INTL A","1108395","2024-05-10 18:00","2024","05","10","18:00","18.2","","11.6","","65","","","","28","","9","","32.2","","101.47","","","","","","NA"
"-123.18","49.19","VANCOUVER INTL A","1108395","2024-05-10 19:00","2024","05","10","19:00","15.7","","13.0","","84","","","","21","","11","","32.2","","101.42","","","","","","Mainly Clear"
"-123.18","49.19","VANCOUVER INTL A","1108395","2024-05-10 20:00","2024","05","10","20:00","14.3","","11.9","","86","","","","27","","3","","32.2","","101.39","","","","","","NA"
"-123.18","49.19","VANCOUVER INTL A","1108395","2024-05-10 21:00","2024","05","10","21:00","14.4","","12.5","","88","","","","22","","6","","24.1","","101.40","","","","","","NA"
"-123.18","49.19","VANCOUVER INTL A","1108395","2024-05-10 22:00","2024","05","10","22:00","14.2","","11.6","","84","","","","23","","5","","24.1","","101.39","","","","","","Clear"
"-123.18","49.19","VANCOUVER INTL A","1108395","2024-05-10 23:00","2024","05","10","23:00","12.3","","9.8","","84","","","","27","","6","","24.1","","101.40","","","","","","NA"
"-123.18","49.19","VANCOUVER INTL A","1108395","2024-05-11 00:00","2024","05","11","00:00","12.0","","11.3","","95","","","","1","","7","","24.1","","101.40","","","","","","NA"
"-123.18","49.19","VANCOUVER INTL A","1108395","2024-05-11 01:00","2024","05","11","01:00","11.1","","10.0","","93","","","","34","","6","","24.1","","101.41","","","","","","Clear"
"-123.18","49.19","VANCOUVER INTL A","1108395","2024-05-11 02:00","2024","05","11","02:00","12.8","","11.1","","89","","","","28","","15","","24.1","","101.39","","","","","","NA"
"-123.18","49.19","VANCOUVER INTL A","1108395","2024-05-11 03:00","2024","05","11","03:00","10.9","","9.7","","92","","","","33","","6","","24.1","","101.39","","","","","","NA"
"-123.18","49.19","VANCOUVER INTL A","1108395","2024-05-11 04:00","2024","05","11","04:00","10.6","","9.4","","92","","","","31","","8","","32.2","","101.38","","","","","","Clear"
"-123.18","49.19","VANCOUVER INTL A","1108395","2024-05-11 05:00","2024","05","11","05:00","12.0","","12.0","","100","","","","31","","13","","32.2","","101.40","","","","","","NA"
"-123.18","49.19","VANCOUVER INTL A","1108395","2024-05-11 06:00","2024","05","11","06:00","13.6","","12.5","","93","","","","30","","17","","32.2","","101.43","","","","","","NA"
"-123.18","49.19","VANCOUVER INTL A","1108395","2024-05-11 07:00","2024","05","11","07:00","14.3","","12.6","","90","","","","30","","20","","32.2","","101.43","","","","","","Mainly Clear"
"-123.18","49.19","VANCOUVER INTL A","1108395","2024-05-11 08:00","2024","05","11","08:00","15.2","","12.3","","82","","","","30","","22","","32.2","","101.45","","","","","","NA"
"-123.18","49.19","VANCOUVER INTL A","1108395","2024-05-11 09:00","2024","05","11","09:00","16.3","","12.8","","79","","","","29","","18","","32.2","","101.43","","","","","","NA"
"-123.18","49.19","VANCOUVER INTL A","1108395","2024-05-11 10:00","2024","05","11","10:00","16.4","","11.9","","74","","","","30","","24","","32.2","","101.42","","","","","","Mainly Clear"
"-123.18","49.19","VANCOUVER INTL A","1108395","2024-05-11 11:00","2024","05","11","11:00","17.1","","13.0","","76","","","","29","","23","","32.2","","101.42","","","","","","NA"
"-123.18","49.19","VANCOUVER INTL A","1108395","2024-05-11 12:00","2024","05","11","12:00","17.7","","13.0","","74","","","","29","","18","","32.2","","101.39","","","","","","NA"
"-123.18","49.19","VANCOUVER INTL A","1108395","2024-05-11 13:00","2024","05","11","13:00","18.2","","12.9","","71","","","","28","","12","","32.2","","101.34","","","","","","Mainly Clear"
"-123.18","49.19","VANCOUVER INTL A","1108395","2024-05-11 14:00","2024","05","11","14:00","19.0","","11.2","","60","","","","27","","11","","32.2","","101.29","","","","","","NA"
"-123.18","49.19","VANCOUVER INTL A","1108395","2024-05-11 15:00","2024","05","11","15:00","20.0","","13.2","","65","","","","27","","9","","32.2","","101.23","","","","","","NA"
"-123.18","49.19","VANCOUVER INTL A","1108395","2024-05-11 16:00","2024","05","11","16:00","20.2","","12.8","","62","","","","28","","12","","32.2","","101.19","","","","","","Mainly Clear"
"-123.18","49.19","VANCOUVER INTL A","1108395","2024-05-11 17:00","2024","05","11","17:00","19.0","","13.2","","69","","","","27","","10","","32.2","","101.15","","","","","","NA"
"-123.18","49.19","VANCOUVER INTL A","1108395","2024-05-11 18:00","2024","05","11","18:00","18.8","","11.4","","62","","","","28","","7","","24.1","","101.13","","","","","","NA"
"-123.18","49.19","VANCOUVER INTL A","1108395","2024-05-11 19:00","2024","05","11","19:00","15.5","","13.2","","86","","","","21","","10","","32.2","","101.12","","","","","","Clear"
"-123.18","49.19","VANCOUVER INTL A","1108395","2024-05-11 20:00","2024","05","11","20:00","14.5","","12.3","","87","","","","25","","8","","24.1","","101.13","","","","","","NA"
"-123.18","49.19","VANCOUVER INTL A","1108395","2024-05-11 21:00","2024","05","11","21:00","12.9","","10.9","","88","","","","28","","11","","24.1","","101.16","","","","","","NA"
"-123.18","49.19","VANCOUVER INTL A","1108395","2024-05-11 22:00","2024","05","11","22:00","14.5","","13.5","","94","","","","29","","6","","24.1","","101.18","","","","","","Clear"
"-123.18","49.19","VANCOUVER INTL A","1108395","2024-05-11 23:00","2024","05","11","23:00","14.0","","12.3","","89","","","","29","","21","","24.1","","101.19","","","","","","NA"
"-123.18","49.19","VANCOUVER INTL A","1108395","2024-05-12 00:00","2024","05","12","00:00"
"-123.18","49.19","VANCOUVER INTL A","1108395","2024-05-12 01:00","2024","05","12","01:00"
"-123.18","49.19","VANCOUVER INTL A","1108395","2024-05-12 02:00","2024","05","12","02:00"
"-123.18","49.19","VANCOUVER INTL A","1108395","2024-05-12 03:00","2024","05","12","03:00"
"-123.18","49.19","VANCOUVER INTL A","1108395","2024-05-12 04:00","2024","05","12","04:00"
"-123.18","49.19","VANCOUVER INTL A","1108395","2024-05-12 05:00","2024","05","12","05:00"
"-123.18","49.19","VANCOUVER INTL A","1108395","2024-05-12 06:00","2024","05","12","06:00"
"-123.18","49.19","VANCOUVER INTL A","1108395","2024-05-12 07:00","2024","05","12","07:00"
"-123.18","49.19","VANCOUVER INTL A","1108395","2024-05-12 08:00","2024","05","12","08:00"
"-123.18","49.19","VANCOUVER INTL A","1108395","2024-05-12 09:00","2024","05","12","09:00"
"-123.18","49.19","VANCOUVER INTL A","1108395","2024-05-12 10:00","2024","05","12","10:00"
"-123.18","49.19","VANCOUVER INTL A","1108395","2024-05-12 11:00","2024","05","12","11:00"
"-123.18","49.19","VANCOUVER INTL A","1108395","2024-05-12 12:00","2024","05","12","12:00"
"-123.18","49.19","VANCOUVER INTL A","1108395","2024-05-12 13:00","2024","05","12","13:00"
"-123.18","49.19","VANCOUVER INTL A","1108395","2024-05-12 14:00","2024","05","12","14:00"
"-123.18","49.19","VANCOUVER INTL A","1108395","2024-05-12 15:00","2024","05","12","15:00"
"-123.18","49.19","VANCOUVER INTL A","1108395","2024-05-12 16:00","2024","05","12","16:00"
"-123.18","49.19","VANCOUVER INTL A","1108395","2024-05-12 17:00","2024","05","12","17:00"
"-123.18","49.19","VANCOUVER INTL A","1108395","2024-05-12 18:00","2024","05","12","18:00"
"-123.18","49.19","VANCOUVER INTL A","1108395","2024-05-12 19:00","2024","05","12","19:00"
"-123.18","49.19","VANCOUVER INTL A","1108395","2024-05-12 20:00","2024","05","12","20:00"
"-123.18","49.19","VANCOUVER INTL A","1108395","2024-05-12 21:00","2024","05","12","21:00"
"-123.18","49.19","VANCOUVER INTL A","1108395","2024-05-12 22:00","2024","05","12","22:00"
"-123.18","49.19","VANCOUVER INTL A","1108395","2024-05-12 23:00","2024","05","12","23:00"
"-123.18","49.19","VANCOUVER INTL A","1108395","2024-05-13 00:00","2024","05","13","00:00"
"-123.18","49.19","VANCOUVER INTL A","1108395","2024-05-13 01:00","2024","05","13","01:00"
"-123.18","49.19","VANCOUVER INTL A","1108395","2024-05-13 02:00","2024","05","13","02:00"
"-123.18","49.19","VANCOUVER INTL A","1108395","2024-05-13 03:00","2024","05","13","03:00"
"-123.18","49.19","VANCOUVER INTL A","1108395","2024-05-13 04:00","2024","05","13","04:00"
"-123.18","49.19","VANCOUVER INTL A","1108395","2024-05-13 05:00","2024","05","13","05:00"
"-123.18","49.19","VANCOUVER INTL A","1108395","2024-05-13 06:00","2024","05","13","06:00"
"-123.18","49.19","VANCOUVER INTL A","1108395","2024-05-13 07:00","2024","05","13","07:00"
"-123.18","49.19","VANCOUVER INTL A","1108395","2024-05-13 08:00","2024","05","13","08:00"
"-123.18","49.19","VANCOUVER INTL A","1108395","2024-05-13 09:00","2024","05","13","09:00"
"-123.18","49.19","VANCOUVER INTL A","1108395","2024-05-13 10:00","2024","05","13","10:00"
"-123.18","49.19","VANCOUVER INTL A","1108395","2024-05-13 11:00","2024","05","13","11:00"
"-123.18","49.19","VANCOUVER INTL A","1108395","2024-05-13 12:00","2024","05","13","12:00"
"-123.18","49.19","VANCOUVER INTL A","1108395","2024-05-13 13:00","2024","05","13","13:00"
"-123.18","49.19","VANCOUVER INTL A","1108395","2024-05-13 14:00","2024","05","13","14:00"
"-123.18","49.19","VANCOUVER INTL A","1108395","2024-05-13 15:00","2024","05","13","15:00"
"-123.18","49.19","VANCOUVER INTL A","1108395","2024-05-13 16:00","2024","05","13","16:00"
"-123.18","49.19","VANCOUVER INTL A","1108395","2024-05-13 17:00","2024","05","13","17:00"
"-123.18","49.19","VANCOUVER INTL A","1108395","2024-05-13 18:00","2024","05","13","18:00"
"-123.18","49.19","VANCOUVER INTL A","1108395","2024-05-13 19:00","2024","05","13","19:00"
"-123.18","49.19","VANCOUVER INTL A","1108395","2024-05-13 20:00","2024","05","13","20:00"
"-123.18","49.19","VANCOUVER INTL A","1108395","2024-05-13 21:00","2024","05","13","21:00"
"-123.18","49.19","VANCOUVER INTL A","1108395","2024-05-13 22:00","2024","05","13","22:00"
"-123.18","49.19","VANCOUVER INTL A","1108395","2024-05-13 23:00","2024","05","13","23:00"
"-123.18","49.19","VANCOUVER INTL A","1108395","2024-05-14 00:00","2024","05","14","00:00"
"-123.18","49.19","VANCOUVER INTL A","1108395","2024-05-14 01:00","2024","05","14","01:00"
"-123.18","49.19","VANCOUVER INTL A","1108395","2024-05-14 02:00","2024","05","14","02:00"
"-123.18","49.19","VANCOUVER INTL A","1108395","2024-05-14 03:00","2024","05","14","03:00"
"-123.18","49.19","VANCOUVER INTL A","1108395","2024-05-14 04:00","2024","05","14","04:00"
"-123.18","49.19","VANCOUVER INTL A","1108395","2024-05-14 05:00","2024","05","14","05:00"
"-123.18","49.19","VANCOUVER INTL A","1108395","2024-05-14 06:00","2024","05","14","06:00"
"-123.18","49.19","VANCOUVER INTL A","1108395","2024-05-14 07:00","2024","05","14","07:00"
"-123.18","49.19","VANCOUVER INTL A","1108395","2024-05-14 08:00","2024","05","14","08:00"
"-123.18","49.19","VANCOUVER INTL A","1108395","2024-05-14 09:00","2024","05","14","09:00"
"-123.18","49.19","VANCOUVER INTL A","1108395","2024-05-14 10:00","2024","05","14","10:00"
"-123.18","49.19","VANCOUVER INTL A","1108395","2024-05-14 11:00","2024","05","14","11:00"
"-123.18","49.19","VANCOUVER INTL A","1108395","2024-05-14 12:00","2024","05","14","12:00"
"-123.18","49.19","VANCOUVER INTL A","1108395","2024-05-14 13:00","2024","05","14","13:00"
"-123.18","49.19","VANCOUVER INTL A","1108395","2024-05-14 14:00","2024","05","14","14:00"
"-123.18","49.19","VANCOUVER INTL A","1108395","2024-05-14 15:00","2024","05","14","15:00"
"-123.18","49.19","VANCOUVER INTL A","1108395","2024-05-14 16:00","2024","05","14","16:00"
"-123.18","49.19","VANCOUVER INTL A","1108395","2024-05-14 17:00","2024","05","14","17:00"
"-123.18","49.19","VANCOUVER INTL A","1108395","2024-05-14 18:00","2024","05","14","18:00"
"-123.18","49.19","VANCOUVER INTL A","1108395","2024-05-14 19:00","2024","05","14","19:00"
"-123.18","49.19","VANCOUVER INTL A","1108395","2024-05-14 20:00","2024","05","14","20:00"
"-123.18","49.19","VANCOUVER INTL A","1108395","2024-05-14 21:00","2024","05","14","21:00"
"-123.18","49.19","VANCOUVER INTL A","1108395","2024-05-14 22:00","2024","05","14","22:00"
"-123.18","49.19","VANCOUVER INTL A","1108395","2024-05-14 23:00","2024","05","14","23:00"
"-123.18","49.19","VANCOUVER INTL A","1108395","2024-05-15 00:00","2024","05","15","00:00"
"-123.18","49.19","VANCOUVER INTL A","1108395","2024-05-15 01:00","2024","05","15","01:00"
"-123.18","49.19","VANCOUVER INTL A","1108395","2024-05-15 02:00","2024","05","15","02:00"
"-123.18","49.19","VANCOUVER INTL A","1108395","2024-05-15 03:00","2024","05","15","03:00"
"-123.18","49.19","VANCOUVER INTL A","1108395","2024-05-15 04:00","2024","05","15","04:00"
"-123.18","49.19","VANCOUVER INTL A","1108395","2024-05-15 05:00","2024","05","15","05:00"
"-123.18","49.19","VANCOUVER INTL A","1108395","2024-05-15 06:00","2024","05","15","06:00"
"-123.18","49.19","VANCOUVER INTL A","1108395","2024-05-15 07:00","2024","05","15","07:00"
"-123.18","49.19","VANCOUVER INTL A","1108395","2024-05-15 08:00","2024","05","15","08:00"
"-123.18","49.19","VANCOUVER INTL A","1108395","2024-05-15 09:00","2024","05","15","09:00"
"-123.18","49.19","VANCOUVER INTL A","1108395","2024-05-15 10:00","2024","05","15","10:00"
"-123.18","49.19","VANCOUVER INTL A","1108395","2024-05-15 11:00","2024","05","15","11:00"
"-123.18","49.19","VANCOUVER INTL A","1108395","2024-05-15 12:00","2024","05","15","12:00"
"-123.18","49.19","VANCOUVER INTL A","1108395","2024-05-15 13:00","2024","05","15","13:00"
"-123.18","49.19","VANCOUVER INTL A","1108395","2024-05-15 14:00","2024","05","15","14:00"
"-123.18","49.19","VANCOUVER INTL A","1108395","2024-05-15 15:00","2024","05","15","15:00"
"-123.18","49.19","VANCOUVER INTL A","1108395","2024-05-15 16:00","2024","05","15","16:00"
"-123.18","49.19","VANCOUVER INTL A","1108395","2024-05-15 17:00","2024","05","15","17:00"
"-123.18","49.19","VANCOUVER INTL A","1108395","2024-05-15 18:00","2024","05","15","18:00"
"-123.18","49.19","VANCOUVER INTL A","1108395","2024-05-15 19:00","2024","05","15","19:00"
"-123.18","49.19","VANCOUVER INTL A","1108395","2024-05-15 20:00","2024","05","15","20:00"
"-123.18","49.19","VANCOUVER INTL A","1108395","2024-05-15 21:00","2024","05","15","21:00"
"-123.18","49.19","VANCOUVER INTL A","1108395","2024-05-15 22:00","2024","05","15","22:00"
"-123.18","49.19","VANCOUVER INTL A","1108395","2024-05-15 23:00","2024","05","15","23:00"
"-123.18","49.19","VANCOUVER INTL A","1108395","2024-05-16 00:00","2024","05","16","00:00"
"-123.18","49.19","VANCOUVER INTL A","1108395","2024-05-16 01:00","2024","05","16","01:00"
"-123.18","49.19","VANCOUVER INTL A","1108395","2024-05-16 02:00","2024","05","16","02:00"
"-123.18","49.19","VANCOUVER INTL A","1108395","2024-05-16 03:00","2024","05","16","03:00"
"-123.18","49.19","VANCOUVER INTL A","1108395","2024-05-16 04:00","2024","05","16","04:00"
"-123.18","49.19","VANCOUVER INTL A","1108395","2024-05-16 05:00","2024","05","16","05:00"
"-123.18","49.19","VANCOUVER INTL A","1108395","2024-05-16 06:00","2024","05","16","06:00"
"-123.18","49.19","VANCOUVER INTL A","1108395","2024-05-16 07:00","2024","05","16","07:00"
"-123.18","49.19","VANCOUVER INTL A","1108395","2024-05-16 08:00","2024","05","16","08:00"
"-123.18","49.19","VANCOUVER INTL A","1108395","2024-05-16 09:00","2024","05","16","09:00"
"-123.18","49.19","VANCOUVER INTL A","1108395","2024-05-16 10:00","2024","05","16","10:00"
"-123.18","49.19","VANCOUVER INTL A","1108395","2024-05-16 11:00","2024","05","16","11:00"
"-123.18","49.19","VANCOUVER INTL A","1108395","2024-05-16 12:00","2024","05","16","12:00"
"-123.18","49.19","VANCOUVER INTL A","1108395","2024-05-16 13:00","2024","05","16","13:00"
"-123.18","49.19","VANCOUVER INTL A","1108395","2024-05-16 14:00","2024","05","16","14:00"
"-123.18","49.19","VANCOUVER INTL A","1108395","2024-05-16 15:00","2024","05","16","15:00"
"-123.18","49.19","VANCOUVER INTL A","1108395","2024-05-16 16:00","2024","05","16","16:00"
"-123.18","49.19","VANCOUVER INTL A","1108395","2024-05-16 17:00","2024","05","16","17:00"
"-123.18","49.19","VANCOUVER INTL A","1108395","2024-05-16 18:00","2024","05","16","18:00"
"-123.18","49.19","VANCOUVER INTL A","1108395","2024-05-16 19:00","2024","05","16","19:00"
"-123.18","49.19","VANCOUVER INTL A","1108395","2024-05-16 20:00","2024","05","16","20:00"
"-123.18","49.19","VANCOUVER INTL A","1108395","2024-05-16 21:00","2024","05","16","21:00"
"-123.18","49.19","VANCOUVER INTL A","1108395","2024-05-16 22:00","2024","05","16","22:00"
"-123.18","49.19","VANCOUVER INTL A","1108395","2024-05-16 23:00","2024","05","16","23:00"
"-123.18","49.19","VANCOUVER INTL A","1108395","2024-05-17 00:00","2024","05","17","00:00"
"-123.18","49.19","VANCOUVER INTL A","1108395","2024-05-17 01:00","2024","05","17","01:00"
"-123.18","49.19","VANCOUVER INTL A","1108395","2024-05-17 02:00","2024","05","17","02:00"
"-123.18","49.19","VANCOUVER INTL A","1108395","2024-05-17 03:00","2024","05","17","03:00"
"-123.18","49.19","VANCOUVER INTL A","1108395","2024-05-17 04:00","2024","05","17","04:00"
"-123.18","49.19","VANCOUVER INTL A","1108395","2024-05-17 05:00","2024","05","17","05:00"
"-123.18","49.19","VANCOUVER INTL A","1108395","2024-05-17 06:00","2024","05","17","06:00"
"-123.18","49.19","VANCOUVER INTL A","1108395","2024-05-17 07:00","2024","05","17","07:00"
"-123.18","49.19","VANCOUVER INTL A","1108395","2024-05-17 08:00","2024","05","17","08:00"
"-123.18","49.19","VANCOUVER INTL A","1108395","2024-05-17 09:00","2024","05","17","09:00"
"-123.18","49.19","VANCOUVER INTL A","1108395","2024-05-17 10:00","2024","05","17","10:00"
"-123.18","49.19","VANCOUVER INTL A","1108395","2024-05-17 11:00","2024","05","17","11:00"
"-123.18","49.19","VANCOUVER INTL A","1108395","2024-05-17 12:00","2024","05","17","12:00"
"-123.18","49.19","VANCOUVER INTL A","1108395","2024-05-17 13:00","2024","05","17","13:00"
"-123.18","49.19","VANCOUVER INTL A","1108395","2024-05-17 14:00","2024","05","17","14:00"
"-123.18","49.19","VANCOUVER INTL A","1108395","2024-05-17 15:00","2024","05","17","15:00"
"-123.18","49.19","VANCOUVER INTL A","1108395","2024-05-17 16:00","2024","05","17","16:00"
"-123.18","49.19","VANCOUVER INTL A","1108395","2024-05-17 17:00","2024","05","17","17:00"
"-123.18","49.19","VANCOUVER INTL A","1108395","2024-05-17 18:00","2024","05","17","18:00"
"-123.18","49.19","VANCOUVER INTL A","1108395","2024-05-17 19:00","2024","05","17","19:00"
"-123.18","49.19","VANCOUVER INTL A","1108395","2024-05-17 20:00","2024","05","17","20:00"
"-123.18","49.19","VANCOUVER INTL A","1108395","2024-05-17 21:00","2024","05","17","21:00"
"-123.18","49.19","VANCOUVER INTL A","1108395","2024-05-17 22:00","2024","05","17","22:00"
"-123.18","49.19","VANCOUVER INTL A","1108395","2024-05-17 23:00","2024","05","17","23:00"
"-123.18","49.19","VANCOUVER INTL A","1108395","2024-05-18 00:00","2024","05","18","00:00"
"-123.18","49.19","VANCOUVER INTL A","1108395","2024-05-18 01:00","2024","05","18","01:00"
"-123.18","49.19","VANCOUVER INTL A","1108395","2024-05-18 02:00","2024","05","18","02:00"
"-123.18","49.19","VANCOUVER INTL A","1108395","2024-05-18 03:00","2024","05","18","03:00"
"-123.18","49.19","VANCOUVER INTL A","1108395","2024-05-18 04:00","2024","05","18","04:00"
"-123.18","49.19","VANCOUVER INTL A","1108395","2024-05-18 05:00","2024","05","18","05:00"
"-123.18","49.19","VANCOUVER INTL A","1108395","2024-05-18 06:00","2024","05","18","06:00"
"-123.18","49.19","VANCOUVER INTL A","1108395","2024-05-18 07:00","2024","05","18","07:00"
"-123.18","49.19","VANCOUVER INTL A","1108395","2024-05-18 08:00","2024","05","18","08:00"
"-123.18","49.19","VANCOUVER INTL A","1108395","2024-05-18 09:00","2024","05","18","09:00"
"-123.18","49.19","VANCOUVER INTL A","1108395","2024-05-18 10:00","2024","05","18","10:00"
"-123.18","49.19","VANCOUVER INTL A","1108395","2024-05-18 11:00","2024","05","18","11:00"
"-123.18","49.19","VANCOUVER INTL A","1108395","2024-05-18 12:00","2024","05","18","12:00"
"-123.18","49.19","VANCOUVER INTL A","1108395","2024-05-18 13:00","2024","05","18","13:00"
"-123.18","49.19","VANCOUVER INTL A","1108395","2024-05-18 14:00","2024","05","18","14:00"
"-123.18","49.19","VANCOUVER INTL A","1108395","2024-05-18 15:00","2024","05","18","15:00"
"-123.18","49.19","VANCOUVER INTL A","1108395","2024-05-18 16:00","2024","05","18","16:00"
"-123.18","49.19","VANCOUVER INTL A","1108395","2024-05-18 17:00","2024","05","18","17:00"
"-123.18","49.19","VANCOUVER INTL A","1108395","2024-05-18 18:00","2024","05","18","18:00"
"-123.18","49.19","VANCOUVER INTL A","1108395","2024-05-18 19:00","2024","05","18","19:00"
"-123.18","49.19","VANCOUVER INTL A","1108395","2024-05-18 20:00","2024","05","18","20:00"
"-123.18","49.19","VANCOUVER INTL A","1108395","2024-05-18 21:00","2024","05","18","21:00"
"-123.18","49.19","VANCOUVER INTL A","1108395","2024-05-18 22:00","2024","05","18","22:00"
"-123.18","49.19","VANCOUVER INTL A","1108395","2024-05-18 23:00","2024","05","18","23:00"
"-123.18","49.19","VANCOUVER INTL A","1108395","2024-05-19 00:00","2024","05","19","00:00"
"-123.18","49.19","VANCOUVER INTL A","1108395","2024-05-19 01:00","2024","05","19","01:00"
"-123.18","49.19","VANCOUVER INTL A","1108395","2024-05-19 02:00","2024","05","19","02:00"
"-123.18","49.19","VANCOUVER INTL A","1108395","2024-05-19 03:00","2024","05","19","03:00"
"-123.18","49.19","VANCOUVER INTL A","1108395","2024-05-19 04:00","2024","05","19","04:00"
"-123.18","49.19","VANCOUVER INTL A","1108395","2024-05-19 05:00","2024","05","19","05:00"
"-123.18","49.19","VANCOUVER INTL A","1108395","2024-05-19 06:00","2024","05","19","06:00"
"-123.18","49.19","VANCOUVER INTL A","1108395","2024-05-19 07:00","2024","05","19","07:00"
"-123.18","49.19","VANCOUVER INTL A","1108395","2024-05-19 08:00","2024","05","19","08:00"
"-123.18","49.19","VANCOUVER INTL A","1108395","2024-05-19 09:00","2024","05","19","09:00"
"-123.18","49.19","VANCOUVER INTL A","1108395","2024-05-19 10:00","2024","05","19","10:00"
"-123.18","49.19","VANCOUVER INTL A","1108395","2024-05-19 11:00","2024","05","19","11:00"
"-123.18","49.19","VANCOUVER INTL A","1108395","2024-05-19 12:00","2024","05","19","12:00"
"-123.18","49.19","VANCOUVER INTL A","1108395","2024-05-19 13:00","2024","05","19","13:00"
"-123.18","49.19","VANCOUVER INTL A","1108395","2024-05-19 14:00","2024","05","19","14:00"
"-123.18","49.19","VANCOUVER INTL A","1108395","2024-05-19 15:00","2024","05","19","15:00"
"-123.18","49.19","VANCOUVER INTL A","1108395","2024-05-19 16:00","2024","05","19","16:00"
"-123.18","49.19","VANCOUVER INTL A","1108395","2024-05-19 17:00","2024","05","19","17:00"
"-123.18","49.19","VANCOUVER INTL A","1108395","2024-05-19 18:00","2024","05","19","18:00"
"-123.18","49.19","VANCOUVER INTL A","1108395","2024-05-19 19:00","2024","05","19","19:00"
"-123.18","49.19","VANCOUVER INTL A","1108395","2024-05-19 20:00","2024","05","19","20:00"
"-123.18","49.19","VANCOUVER INTL A","1108395","2024-05-19 21:00","2024","05","19","21:00"
"-123.18","49.19","VANCOUVER INTL A","1108395","2024-05-19 22:00","2024","05","19","22:00"
"-123.18","49.19","VANCOUVER INTL A","1108395","2024-05-19 23:00","2024","05","19","23:00"
"-123.18","49.19","VANCOUVER INTL A","1108395","2024-05-20 00:00","2024","05","20","00:00"
"-123.18","49.19","VANCOUVER INTL A","1108395","2024-05-20 01:00","2024","05","20","01:00"
"-123.18","49.19","VANCOUVER INTL A","1108395","2024-05-20 02:00","2024","05","20","02:00"
"-123.18","49.19","VANCOUVER INTL A","1108395","2024-05-20 03:00","2024","05","20","03:00"
"-123.18","49.19","VANCOUVER INTL A","1108395","2024-05-20 04:00","2024","05","20","04:00"
"-123.18","49.19","VANCOUVER INTL A","1108395","2024-05-20 05:00","2024","05","20","05:00"
"-123.18","49.19","VANCOUVER INTL A","1108395","2024-05-20 06:00","2024","05","20","06:00"
"-123.18","49.19","VANCOUVER INTL A","1108395","2024-05-20 07:00","2024","05","20","07:00"
"-123.18","49.19","VANCOUVER INTL A","1108395","2024-05-20 08:00","2024","05","20","08:00"
"-123.18","49.19","VANCOUVER INTL A","1108395","2024-05-20 09:00","2024","05","20","09:00"
"-123.18","49.19","VANCOUVER INTL A","1108395","2024-05-20 10:00","2024","05","20","10:00"
"-123.18","49.19","VANCOUVER INTL A","1108395","2024-05-20 11:00","2024","05","20","11:00"
"-123.18","49.19","VANCOUVER INTL A","1108395","2024-05-20 12:00","2024","05","20","12:00"
"-123.18","49.19","VANCOUVER INTL A","1108395","2024-05-20 13:00","2024","05","20","13:00"
"-123.18","49.19","VANCOUVER INTL A","1108395","2024-05-20 14:00","2024","05","20","14:00"
"-123.18","49.19","VANCOUVER INTL A","1108395","2024-05-20 15:00","2024","05","20","15:00"
"-123.18","49.19","VANCOUVER INTL A","1108395","2024-05-20 16:00","2024","05","20","16:00"
"-123.18","49.19","VANCOUVER INTL A","1108395","2024-05-20 17:00","2024","05","20","17:00"
"-123.18","49.19","VANCOUVER INTL A","1108395","2024-05-20 18:00","2024","05","20","18:00"
"-123.18","49.19","VANCOUVER INTL A","1108395","2024-05-20 19:00","2024","05","20","19:00"
"-123.18","49.19","VANCOUVER INTL A","1108395","2024-05-20 20:00","2024","05","20","20:00"
"-123.18","49.19","VANCOUVER INTL A","1108395","2024-05-20 21:00","2024","05","20","21:00"
"-123.18","49.19","VANCOUVER INTL A","1108395","2024-05-20 22:00","2024","05","20","22:00"
"-123.18","49.19","VANCOUVER INTL A","1108395","2024-05-20 23:00","2024","05","20","23:00"
"-123.18","49.19","VANCOUVER INTL A","1108395","2024-05-21 00:00","2024","05","21","00:00"
"-123.18","49.19","VANCOUVER INTL A","1108395","2024-05-21 01:00","2024","05","21","01:00"
"-123.18","49.19","VANCOUVER INTL A","1108395","2024-05-21 02:00","2024","05","21","02:00"
"-123.18","49.19","VANCOUVER INTL A","1108395","2024-05-21 03:00","2024","05","21","03:00"
"-123.18","49.19","VANCOUVER INTL A","1108395","2024-05-21 04:00","2024","05","21","04:00"
"-123.18","49.19","VANCOUVER INTL A","1108395","2024-05-21 05:00","2024","05","21","05:00"
"-123.18","49.19","VANCOUVER INTL A","1108395","2024-05-21 06:00","2024","05","21","06:00"
"-123.18","49.19","VANCOUVER INTL A","1108395","2024-05-21 07:00","2024","05","21","07:00"
"-123.18","49.19","VANCOUVER INTL A","1108395","2024-05-21 08:00","2024","05","21","08:00"
"-123.18","49.19","VANCOUVER INTL A","1108395","2024-05-21 09:00","2024","05","21","09:00"
"-123.18","49.19","VANCOUVER INTL A","1108395","2024-05-21 10:00","2024","05","21","10:00"
"-123.18","49.19","VANCOUVER INTL A","1108395","2024-05-21 11:00","2024","05","21","11:00"
"-123.18","49.19","VANCOUVER INTL A","1108395","2024-05-21 12:00","2024","05","21","12:00"
"-123.18","49.19","VANCOUVER INTL A","1108395","2024-05-21 13:00","2024","05","21","13:00"
"-123.18","49.19","VANCOUVER INTL A","1108395","2024-05-21 14:00","2024","05","21","14:00"
"-123.18","49.19","VANCOUVER INTL A","1108395","2024-05-21 15:00","2024","05","21","15:00"
"-123.18","49.19","VANCOUVER INTL A","1108395","2024-05-21 16:00","2024","05","21","16:00"
"-123.18","49.19","VANCOUVER INTL A","1108395","2024-05-21 17:00","2024","05","21","17:00"
"-123.18","49.19","VANCOUVER INTL A","1108395","2024-05-21 18:00","2024","05","21","18:00"
"-123.18","49.19","VANCOUVER INTL A","1108395","2024-05-21 19:00","2024","05","21","19:00"
"-123.18","49.19","VANCOUVER INTL A","1108395","2024-05-21 20:00","2024","05","21","20:00"
"-123.18","49.19","VANCOUVER INTL A","1108395","2024-05-21 21:00","2024","05","21","21:00"
"-123.18","49.19","VANCOUVER INTL A","1108395","2024-05-21 22:00","2024","05","21","22:00"
"-123.18","49.19","VANCOUVER INTL A","1108395","2024-05-21 23:00","2024","05","21","23:00"
"-123.18","49.19","VANCOUVER INTL A","1108395","2024-05-22 00:00","2024","05","22","00:00"
"-123.18","49.19","VANCOUVER INTL A","1108395","2024-05-22 01:00","2024","05","22","01:00"
"-123.18","49.19","VANCOUVER INTL A","1108395","2024-05-22 02:00","2024","05","22","02:00"
"-123.18","49.19","VANCOUVER INTL A","1108395","2024-05-22 03:00","2024","05","22","03:00"
"-123.18","49.19","VANCOUVER INTL A","1108395","2024-05-22 04:00","2024","05","22","04:00"
"-123.18","49.19","VANCOUVER INTL A","1108395","2024-05-22 05:00","2024","05","22","05:00"
"-123.18","49.19","VANCOUVER INTL A","1108395","2024-05-22 06:00","2024","05","22","06:00"
"-123.18","49.19","VANCOUVER INTL A","1108395","2024-05-22 07:00","2024","05","22","07:00"
"-123.18","49.19","VANCOUVER INTL A","1108395","2024-05-22 08:00","2024","05","22","08:00"
"-123.18","49.19","VANCOUVER INTL A","1108395","2024-05-22 09:00","2024","05","22","09:00"
"-123.18","49.19","VANCOUVER INTL A","1108395","2024-05-22 10:00","2024","05","22","10:00"
"-123.18","49.19","VANCOUVER INTL A","1108395","2024-05-22 11:00","2024","05","22","11:00"
"-123.18","49.19","VANCOUVER INTL A","1108395","2024-05-22 12:00","2024","05","22","12:00"
"-123.18","49.19","VANCOUVER INTL A","1108395","2024-05-22 13:00","2024","05","22","13:00"
"-123.18","49.19","VANCOUVER INTL A","1108395","2024-05-22 14:00","2024","05","22","14:00"
"-123.18","49.19","VANCOUVER INTL A","1108395","2024-05-22 15:00","2024","05","22","15:00"
"-123.18","49.19","VANCOUVER INTL A","1108395","2024-05-22 16:00","2024","05","22","16:00"
"-123.18","49.19","VANCOUVER INTL A","1108395","2024-05-22 17:00","2024","05","22","17:00"
"-123.18","49.19","VANCOUVER INTL A","1108395","2024-05-22 18:00","2024","05","22","18:00"
"-123.18","49.19","VANCOUVER INTL A","1108395","2024-05-22 19:00","2024","05","22","19:00"
"-123.18","49.19","VANCOUVER INTL A","1108395","2024-05-22 20:00","2024","05","22","20:00"
"-123.18","49.19","VANCOUVER INTL A","1108395","2024-05-22 21:00","2024","05","22","21:00"
"-123.18","49.19","VANCOUVER INTL A","1108395","2024-05-22 22:00","2024","05","22","22:00"
"-123.18","49.19","VANCOUVER INTL A","1108395","2024-05-22 23:00","2024","05","22","23:00"
"-123.18","49.19","VANCOUVER INTL A","1108395","2024-05-23 00:00","2024","05","23","00:00"
"-123.18","49.19","VANCOUVER INTL A","1108395","2024-05-23 01:00","2024","05","23","01:00"
"-123.18","49.19","VANCOUVER INTL A","1108395","2024-05-23 02:00","2024","05","23","02:00"
"-123.18","49.19","VANCOUVER INTL A","1108395","2024-05-23 03:00","2024","05","23","03:00"
"-123.18","49.19","VANCOUVER INTL A","1108395","2024-05-23 04:00","2024","05","23","04:00"
"-123.18","49.19","VANCOUVER INTL A","1108395","2024-05-23 05:00","2024","05","23","05:00"
"-123.18","49.19","VANCOUVER INTL A","1108395","2024-05-23 06:00","2024","05","23","06:00"
"-123.18","49.19","VANCOUVER INTL A","1108395","2024-05-23 07:00","2024","05","23","07:00"
"-123.18","49.19","VANCOUVER INTL A","1108395","2024-05-23 08:00","2024","05","23","08:00"
"-123.18","49.19","VANCOUVER INTL A","1108395","2024-05-23 09:00","2024","05","23","09:00"
"-123.18","49.19","VANCOUVER INTL A","1108395","2024-05-23 10:00","2024","05","23","10:00"
"-123.18","49.19","VANCOUVER INTL A","1108395","2024-05-23 11:00","2024","05","23","11:00"
"-123.18","49.19","VANCOUVER INTL A","1108395","2024-05-23 12:00","2024","05","23","12:00"
"-123.18","49.19","VANCOUVER INTL A","1108395","2024-05-23 13:00","2024","05","23","13:00"
"-123.18","49.19","VANCOUVER INTL A","1108395","2024-05-23 14:00","2024","05","23","14:00"
"-123.18","49.19","VANCOUVER INTL A","1108395","2024-05-23 15:00","2024","05","23","15:00"
"-123.18","49.19","VANCOUVER INTL A","1108395","2024-05-23 16:00","2024","05","23","16:00"
"-123.18","49.19","VANCOUVER INTL A","1108395","2024-05-23 17:00","2024","05","23","17:00"
"-123.18","49.19","VANCOUVER INTL A","1108395","2024-05-23 18:00","2024","05","23","18:00"
"-123.18","49.19","VANCOUVER INTL A","1108395","2024-05-23 19:00","2024","05","23","19:00"
"-123.18","49.19","VANCOUVER INTL A","1108395","2024-05-23 20:00","2024","05","23","20:00"
"-123.18","49.19","VANCOUVER INTL A","1108395","2024-05-23 21:00","2024","05","23","21:00"
"-123.18","49.19","VANCOUVER INTL A","1108395","2024-05-23 22:00","2024","05","23","22:00"
"-123.18","49.19","VANCOUVER INTL A","1108395","2024-05-23 23:00","2024","05","23","23:00"
"-123.18","49.19","VANCOUVER INTL A","1108395","2024-05-24 00:00","2024","05","24","00:00"
"-123.18","49.19","VANCOUVER INTL A","1108395","2024-05-24 01:00","2024","05","24","01:00"
"-123.18","49.19","VANCOUVER INTL A","1108395","2024-05-24 02:00","2024","05","24","02:00"
"-123.18","49.19","VANCOUVER INTL A","1108395","2024-05-24 03:00","2024","05","24","03:00"
"-123.18","49.19","VANCOUVER INTL A","1108395","2024-05-24 04:00","2024","05","24","04:00"
"-123.18","49.19","VANCOUVER INTL A","1108395","2024-05-24 05:00","2024","05","24","05:00"
"-123.18","49.19","VANCOUVER INTL A","1108395","2024-05-24 06:00","2024","05","24","06:00"
"-123.18","49.19","VANCOUVER INTL A","1108395","2024-05-24 07:00","2024","05","24","07:00"
"-123.18","49.19","VANCOUVER INTL A","1108395","2024-05-24 08:00","2024","05","24","08:00"
"-123.18","49.19","VANCOUVER INTL A","1108395","2024-05-24 09:00","2024","05","24","09:00"
"-123.18","49.19","VANCOUVER INTL A","1108395","2024-05-24 10:00","2024","05","24","10:00"
"-123.18","49.19","VANCOUVER INTL A","1108395","2024-05-24 11:00","2024","05","24","11:00"
"-123.18","49.19","VANCOUVER INTL A","1108395","2024-05-24 12:00","2024","05","24","12:00"
"-123.18","49.19","VANCOUVER INTL A","1108395","2024-05-24 13:00","2024","05","24","13:00"
"-123.18","49.19","VANCOUVER INTL A","1108395","2024-05-24 14:00","2024","05","24","14:00"
"-123.18","49.19","VANCOUVER INTL A","1108395","2024-05-24 15:00","2024","05","24","15:00"
"-123.18","49.19","VANCOUVER INTL A","1108395","2024-05-24 16:00","2024","05","24","16:00"
"-123.18","49.19","VANCOUVER INTL A","1108395","2024-05-24 17:00","2024","05","24","17:00"
"-123.18","49.19","VANCOUVER INTL A","1108395","2024-05-24 18:00","2024","05","24","18:00"
"-123.18","49.19","VANCOUVER INTL A","1108395","2024-05-24 19:00","2024","05","24","19:00"
"-123.18","49.19","VANCOUVER INTL A","1108395","2024-05-24 20:00","2024","05","24","20:00"
"-123.18","49.19","VANCOUVER INTL A","1108395","2024-05-24 21:00","2024","05","24","21:00"
"-123.18","49.19","VANCOUVER INTL A","1108395","2024-05-24 22:00","2024","05","24","22:00"
"-123.18","49.19","VANCOUVER INTL A","1108395","2024-05-24 23:00","2024","05","24","23:00"
"-123.18","49.19","VANCOUVER INTL A","1108395","2024-05-25 00:00","2024","05","25","00:00"
"-123.18","49.19","VANCOUVER INTL A","1108395","2024-05-25 01:00","2024","05","25","01:00"
"-123.18","49.19","VANCOUVER INTL A","1108395","2024-05-25 02:00","2024","05","25","02:00"
"-123.18","49.19","VANCOUVER INTL A","1108395","2024-05-25 03:00","2024","05","25","03:00"
"-123.18","49.19","VANCOUVER INTL A","1108395","2024-05-25 04:00","2024","05","25","04:00"
"-123.18","49.19","VANCOUVER INTL A","1108395","2024-05-25 05:00","2024","05","25","05:00"
"-123.18","49.19","VANCOUVER INTL A","1108395","2024-05-25 06:00","2024","05","25","06:00"
"-123.18","49.19","VANCOUVER INTL A","1108395","2024-05-25 07:00","2024","05","25","07:00"
"-123.18","49.19","VANCOUVER INTL A","1108395","2024-05-25 08:00","2024","05","25","08:00"
"-123.18","49.19","VANCOUVER INTL A","1108395","2024-05-25 09:00","2024","05","25","09:00"
"-123.18","49.19","VANCOUVER INTL A","1108395","2024-05-25 10:00","2024","05","25","10:00"
"-123.18","49.19","VANCOUVER INTL A","1108395","2024-05-25 11:00","2024","05","25","11:00"
"-123.18","49.19","VANCOUVER INTL A","1108395","2024-05-25 12:00","2024","05","25","12:00"
"-123.18","49.19","VANCOUVER INTL A","1108395","2024-05-25 13:00","2024","05","25","13:00"
"-123.18","49.19","VANCOUVER INTL A","1108395","2024-05-25 14:00","2024","05","25","14:00"
"-123.18","49.19","VANCOUVER INTL A","1108395","2024-05-25 15:00","2024","05","25","15:00"
"-123.18","49.19","VANCOUVER INTL A","1108395","2024-05-25 16:00","2024","05","25","16:00"
"-123.18","49.19","VANCOUVER INTL A","1108395","2024-05-25 17:00","2024","05","25","17:00"
"-123.18","49.19","VANCOUVER INTL A","1108395","2024-05-25 18:00","2024","05","25","18:00"
"-123.18","49.19","VANCOUVER INTL A","1108395","2024-05-25 19:00","2024","05","25","19:00"
"-123.18","49.19","VANCOUVER INTL A","1108395","2024-05-25 20:00","2024","05","25","20:00"
"-123.18","49.19","VANCOUVER INTL A","1108395","2024-05-25 21:00","2024","05","25","21:00"
"-123.18","49.19","VANCOUVER INTL A","1108395","2024-05-25 22:00","2024","05","25","22:00"
"-123.18","49.19","VANCOUVER INTL A","1108395","2024-05-25 23:00","2024","05","25","23:00"
"-123.18","49.19","VANCOUVER INTL A","1108395","2024-05-26 00:00","2024","05","26","00:00"
"-123.18","49.19","VANCOUVER INTL A","1108395","2024-05-26 01:00","2024","05","26","01:00"
"-123.18","49.19","VANCOUVER INTL A","1108395","2024-05-26 02:00","2024","05","26","02:00"
"-123.18","49.19","VANCOUVER INTL A","1108395","2024-05-26 03:00","2024","05","26","03:00"
"-123.18","49.19","VANCOUVER INTL A","1108395","2024-05-26 04:00","2024","05","26","04:00"
"-123.18","49.19","VANCOUVER INTL A","1108395","2024-05-26 05:00","2024","05","26","05:00"
"-123.18","49.19","VANCOUVER INTL A","1108395","2024-05-26 06:00","2024","05","26","06:00"
"-123.18","49.19","VANCOUVER INTL A","1108395","2024-05-26 07:00","2024","05","26","07:00"
"-123.18","49.19","VANCOUVER INTL A","1108395","2024-05-26 08:00","2024","05","26","08:00"
"-123.18","49.19","VANCOUVER INTL A","1108395","2024-05-26 09:00","2024","05","26","09:00"
"-123.18","49.19","VANCOUVER INTL A","1108395","2024-05-26 10:00","2024","05","26","10:00"
"-123.18","49.19","VANCOUVER INTL A","1108395","2024-05-26 11:00","2024","05","26","11:00"
"-123.18","49.19","VANCOUVER INTL A","1108395","2024-05-26 12:00","2024","05","26","12:00"
"-123.18","49.19","VANCOUVER INTL A","1108395","2024-05-26 13:00","2024","05","26","13:00"
"-123.18","49.19","VANCOUVER INTL A","1108395","2024-05-26 14:00","2024","05","26","14:00"
"-123.18","49.19","VANCOUVER INTL A","1108395","2024-05-26 15:00","2024","05","26","15:00"
"-123.18","49.19","VANCOUVER INTL A","1108395","2024-05-26 16:00","2024","05","26","16:00"
"-123.18","49.19","VANCOUVER INTL A","1108395","2024-05-26 17:00","2024","05","26","17:00"
"-123.18","49.19","VANCOUVER INTL A","1108395","2024-05-26 18:00","2024","05","26","18:00"
"-123.18","49.19","VANCOUVER INTL A","1108395","2024-05-26 19:00","2024","05","26","19:00"
"-123.18","49.19","VANCOUVER INTL A","1108395","2024-05-26 20:00","2024","05","26","20:00"
"-123.18","49.19","VANCOUVER INTL A","1108395","2024-05-26 21:00","2024","05","26","21:00"
"-123.18","49.19","VANCOUVER INTL A","1108395","2024-05-26 22:00","2024","05","26","22:00"
"-123.18","49.19","VANCOUVER INTL A","1108395","2024-05-26 23:00","2024","05","26","23:00"
"-123.18","49.19","VANCOUVER INTL A","1108395","2024-05-27 00:00","2024","05","27","00:00"
"-123.18","49.19","VANCOUVER INTL A","1108395","2024-05-27 01:00","2024","05","27","01:00"
"-123.18","49.19","VANCOUVER INTL A","1108395","2024-05-27 02:00","2024","05","27","02:00"
"-123.18","49.19","VANCOUVER INTL A","1108395","2024-05-27 03:00","2024","05","27","03:00"
"-123.18","49.19","VANCOUVER INTL A","1108395","2024-05-27 04:00","2024","05","27","04:00"
"-123.18","49.19","VANCOUVER INTL A","1108395","2024-05-27 05:00","2024","05","27","05:00"
"-123.18","49.19","VANCOUVER INTL A","1108395","2024-05-27 06:00","2024","05","27","06:00"
"-123.18","49.19","VANCOUVER INTL A","1108395","2024-05-27 07:00","2024","05","27","07:00"
"-123.18","49.19","VANCOUVER INTL A","1108395","2024-05-27 08:00","2024","05","27","08:00"
"-123.18","49.19","VANCOUVER INTL A","1108395","2024-05-27 09:00","2024","05","27","09:00"
"-123.18","49.19","VANCOUVER INTL A","1108395","2024-05-27 10:00","2024","05","27","10:00"
"-123.18","49.19","VANCOUVER INTL A","1108395","2024-05-27 11:00","2024","05","27","11:00"
"-123.18","49.19","VANCOUVER INTL A","1108395","2024-05-27 12:00","2024","05","27","12:00"
"-123.18","49.19","VANCOUVER INTL A","1108395","2024-05-27 13:00","2024","05","27","13:00"
"-123.18","49.19","VANCOUVER INTL A","1108395","2024-05-27 14:00","2024","05","27","14:00"
"-123.18","49.19","VANCOUVER INTL A","1108395","2024-05-27 15:00","2024","05","27","15:00"
"-123.18","49.19","VANCOUVER INTL A","1108395","2024-05-27 16:00","2024","05","27","16:00"
"-123.18","49.19","VANCOUVER INTL A","1108395","2024-05-27 17:00","2024","05","27","17:00"
"-123.18","49.19","VANCOUVER INTL A","1108395","2024-05-27 18:00","2024","05","27","18:00"
"-123.18","49.19","VANCOUVER INTL A","1108395","2024-05-27 19:00","2024","05","27","19:00"
"-123.18","49.19","VANCOUVER INTL A","1108395","2024-05-27 20:00","2024","05","27","20:00"
"-123.18","49.19","VANCOUVER INTL A","1108395","2024-05-27 21:00","2024","05","27","21:00"
"-123.18","49.19","VANCOUVER INTL A","1108395","2024-05-27 22:00","2024","05","27","22:00"
"-123.18","49.19","VANCOUVER INTL A","1108395","2024-05-27 23:00","2024","05","27","23:00"
"-123.18","49.19","VANCOUVER INTL A","1108395","2024-05-28 00:00","2024","05","28","00:00"
"-123.18","49.19","VANCOUVER INTL A","1108395","2024-05-28 01:00","2024","05","28","01:00"
"-123.18","49.19","VANCOUVER INTL A","1108395","2024-05-28 02:00","2024","05","28","02:00"
"-123.18","49.19","VANCOUVER INTL A","1108395","2024-05-28 03:00","2024","05","28","03:00"
"-123.18","49.19","VANCOUVER INTL A","1108395","2024-05-28 04:00","2024","05","28","04:00"
"-123.18","49.19","VANCOUVER INTL A","1108395","2024-05-28 05:00","2024","05","28","05:00"
"-123.18","49.19","VANCOUVER INTL A","1108395","2024-05-28 06:00","2024","05","28","06:00"
"-123.18","49.19","VANCOUVER INTL A","1108395","2024-05-28 07:00","2024","05","28","07:00"
"-123.18","49.19","VANCOUVER INTL A","1108395","2024-05-28 08:00","2024","05","28","08:00"
"-123.18","49.19","VANCOUVER INTL A","1108395","2024-05-28 09:00","2024","05","28","09:00"
"-123.18","49.19","VANCOUVER INTL A","1108395","2024-05-28 10:00","2024","05","28","10:00"
"-123.18","49.19","VANCOUVER INTL A","1108395","2024-05-28 11:00","2024","05","28","11:00"
"-123.18","49.19","VANCOUVER INTL A","1108395","2024-05-28 12:00","2024","05","28","12:00"
"-123.18","49.19","VANCOUVER INTL A","1108395","2024-05-28 13:00","2024","05","28","13:00"
"-123.18","49.19","VANCOUVER INTL A","1108395","2024-05-28 14:00","2024","05","28","14:00"
"-123.18","49.19","VANCOUVER INTL A","1108395","2024-05-28 15:00","2024","05","28","15:00"
"-123.18","49.19","VANCOUVER INTL A","1108395","2024-05-28 16:00","2024","05","28","16:00"
"-123.18","49.19","VANCOUVER INTL A","1108395","2024-05-28 17:00","2024","05","28","17:00"
"-123.18","49.19","VANCOUVER INTL A","1108395","2024-05-28 18:00","2024","05","28","18:00"
"-123.18","49.19","VANCOUVER INTL A","1108395","2024-05-28 19:00","2024","05","28","19:00"
"-123.18","49.19","VANCOUVER INTL A","1108395","2024-05-28 20:00","2024","05","28","20:00"
"-123.18","49.19","VANCOUVER INTL A","1108395","2024-05-28 21:00","2024","05","28","21:00"
"-123.18","49.19","VANCOUVER INTL A","1108395","2024-05-28 22:00","2024","05","28","22:00"
"-123.18","49.19","VANCOUVER INTL A","1108395","2024-05-28 23:00","2024","05","28","23:00"
"-123.18","49.19","VANCOUVER INTL A","1108395","2024-05-29 00:00","2024","05","29","00:00"
"-123.18","49.19","VANCOUVER INTL A","1108395","2024-05-29 01:00","2024","05","29","01:00"
"-123.18","49.19","VANCOUVER INTL A","1108395","2024-05-29 02:00","2024","05","29","02:00"
"-123.18","49.19","VANCOUVER INTL A","1108395","2024-05-29 03:00","2024","05","29","03:00"
"-123.18","49.19","VANCOUVER INTL A","1108395","2024-05-29 04:00","2024","05","29","04:00"
"-123.18","49.19","VANCOUVER INTL A","1108395","2024-05-29 05:00","2024","05","29","05:00"
"-123.18","49.19","VANCOUVER INTL A","1108395","2024-05-29 06:00","2024","05","29","06:00"
"-123.18","49.19","VANCOUVER INTL A","1108395","2024-05-29 07:00","2024","05","29","07:00"
"-123.18","49.19","VANCOUVER INTL A","1108395","2024-05-29 08:00","2024","05","29","08:00"
"-123.18","49.19","VANCOUVER INTL A","1108395","2024-05-29 09:00","2024","05","29","09:00"
"-123.18","49.19","VANCOUVER INTL A","1108395","2024-05-29 10:00","2024","05","29","10:00"
"-123.18","49.19","VANCOUVER INTL A","1108395","2024-05-29 11:00","2024","05","29","11:00"
"-123.18","49.19","VANCOUVER INTL A","1108395","2024-05-29 12:00","2024","05","29","12:00"
"-123.18","49.19","VANCOUVER INTL A","1108395","2024-05-29 13:00","2024","05","29","13:00"
"-123.18","49.19","VANCOUVER INTL A","1108395","2024-05-29 14:00","2024","05","29","14:00"
"-123.18","49.19","VANCOUVER INTL A","1108395","2024-05-29 15:00","2024","05","29","15:00"
"-123.18","49.19","VANCOUVER INTL A","1108395","2024-05-29 16:00","2024","05","29","16:00"
"-123.18","49.19","VANCOUVER INTL A","1108395","2024-05-29 17:00","2024","05","29","17:00"
"-123.18","49.19","VANCOUVER INTL A","1108395","2024-05-29 18:00","2024","05","29","18:00"
"-123.18","49.19","VANCOUVER INTL A","1108395","2024-05-29 19:00","2024","05","29","19:00"
"-123.18","49.19","VANCOUVER INTL A","1108395","2024-05-29 20:00","2024","05","29","20:00"
"-123.18","49.19","VANCOUVER INTL A","1108395","2024-05-29 21:00","2024","05","29","21:00"
"-123.18","49.19","VANCOUVER INTL A","1108395","2024-05-29 22:00","2024","05","29","22:00"
"-123.18","49.19","VANCOUVER INTL A","1108395","2024-05-29 23:00","2024","05","29","23:00"
"-123.18","49.19","VANCOUVER INTL A","1108395","2024-05-30 00:00","2024","05","30","00:00"
"-123.18","49.19","VANCOUVER INTL A","1108395","2024-05-30 01:00","2024","05","30","01:00"
"-123.18","49.19","VANCOUVER INTL A","1108395","2024-05-30 02:00","2024","05","30","02:00"
"-123.18","49.19","VANCOUVER INTL A","1108395","2024-05-30 03:00","2024","05","30","03:00"
"-123.18","49.19","VANCOUVER INTL A","1108395","2024-05-30 04:00","2024","05","30","04:00"
"-123.18","49.19","VANCOUVER INTL A","1108395","2024-05-30 05:00","2024","05","30","05:00"
"-123.18","49.19","VANCOUVER INTL A","1108395","2024-05-30 06:00","2024","05","30","06:00"
"-123.18","49.19","VANCOUVER INTL A","1108395","2024-05-30 07:00","2024","05","30","07:00"
"-123.18","49.19","VANCOUVER INTL A","1108395","2024-05-30 08:00","2024","05","30","08:00"
"-123.18","49.19","VANCOUVER INTL A","1108395","2024-05-30 09:00","2024","05","30","09:00"
"-123.18","49.19","VANCOUVER INTL A","1108395","2024-05-30 10:00","2024","05","30","10:00"
"-123.18","49.19","VANCOUVER INTL A","1108395","2024-05-30 11:00","2024","05","30","11:00"
"-123.18","49.19","VANCOUVER INTL A","1108395","2024-05-30 12:00","2024","05","30","12:00"
"-123.18","49.19","VANCOUVER INTL A","1108395","2024-05-30 13:00","2024","05","30","13:00"
"-123.18","49.19","VANCOUVER INTL A","1108395","2024-05-30 14:00","2024","05","30","14:00"
"-123.18","49.19","VANCOUVER INTL A","1108395","2024-05-30 15:00","2024","05","30","15:00"
"-123.18","49.19","VANCOUVER INTL A","1108395","2024-05-30 16:00","2024","05","30","16:00"
"-123.18","49.19","VANCOUVER INTL A","1108395","2024-05-30 17:00","2024","05","30","17:00"
"-123.18","49.19","VANCOUVER INTL A","1108395","2024-05-30 18:00","2024","05","30","18:00"
"-123.18","49.19","VANCOUVER INTL A","1108395","2024-05-30 19:00","2024","05","30","19:00"
"-123.18","49.19","VANCOUVER INTL A","1108395","2024-05-30 20:00","2024","05","30","20:00"
"-123.18","49.19","VANCOUVER INTL A","1108395","2024-05-30 21:00","2024","05","30","21:00"
"-123.18","49.19","VANCOUVER INTL A","1108395","2024-05-30 22:00","2024","05","30","22:00"
"-123.18","49.19","VANCOUVER INTL A","1108395","2024-05-30 23:00","2024","05","30","23:00"
"-123.18","49.19","VANCOUVER INTL A","1108395","2024-05-31 00:00","2024","05","31","00:00"
"-123.18","49.19","VANCOUVER INTL A","1108395","2024-05-31 01:00","2024","05","31","01:00"
"-123.18","49.19","VANCOUVER INTL A","1108395","2024-05-31 02:00","2024","05","31","02:00"
"-123.18","49.19","VANCOUVER INTL A","1108395","2024-05-31 03:00","2024","05","31","03:00"
"-123.18","49.19","VANCOUVER INTL A","1108395","2024-05-31 04:00","2024","05","31","04:00"
"-123.18","49.19","VANCOUVER INTL A","1108395","2024-05-31 05:00","2024","05","31","05:00"
"-123.18","49.19","VANCOUVER INTL A","1108395","2024-05-31 06:00","2024","05","31","06:00"
"-123.18","49.19","VANCOUVER INTL A","1108395","2024-05-31 07:00","2024","05","31","07:00"
"-123.18","49.19","VANCOUVER INTL A","1108395","2024-05-31 08:00","2024","05","31","08:00"
"-123.18","49.19","VANCOUVER INTL A","1108395","2024-05-31 09:00","2024","05","31","09:00"
"-123.18","49.19","VANCOUVER INTL A","1108395","2024-05-31 10:00","2024","05","31","10:00"
"-123.18","49.19","VANCOUVER INTL A","1108395","2024-05-31 11:00","2024","05","31","11:00"
"-123.18","49.19","VANCOUVER INTL A","1108395","2024-05-31 12:00","2024","05","31","12:00"
"-123.18","49.19","VANCOUVER INTL A","1108395","2024-05-31 13:00","2024","05","31","13:00"
"-123.18","49.19","VANCOUVER INTL A","1108395","2024-05-31 14:00","2024","05","31","14:00"
"-123.18","49.19","VANCOUVER INTL A","1108395","2024-05-31 15:00","2024","05","31","15:00"
"-123.18","49.19","VANCOUVER INTL A","1108395","2024-05-31 16:00","2024","05","31","16:00"
"-123.18","49.19","VANCOUVER INTL A","1108395","2024-05-31 17:00","2024","05","31","17:00"
"-123.18","49.19","VANCOUVER INTL A","1108395","2024-05-31 18:00","2024","05","31","18:00"
"-123.18","49.19","VANCOUVER INTL A","1108395","2024-05-31 19:00","2024","05","31","19:00"
"-123.18","49.19","VANCOUVER INTL A","1108395","2024-05-31 20:00","2024","05","31","20:00"
"-123.18","49.19","VANCOUVER INTL A","1108395","2024-05-31 21:00","2024","05","31","21:00"
"-123.18","49.19","VANCOUVER INTL A","1108395","2024-05-31 22:00","2024","05","31","22:00"
"-123.18","49.19","VANCOUVER INTL A","1108395","2024-05-31 23:00","2024","05","31","23:00"
